{"stats":{"minecraft:broken":{"minecraft:iron_sword":1,"minecraft:wooden_axe":1,"minecraft:stone_shovel":1,"minecraft:stone_hoe":6,"minecraft:iron_axe":3,"minecraft:iron_pickaxe":7,"minecraft:iron_helmet":1,"create:sand_paper":1},"minecraft:picked_up":{"minecraft:wheat":20,"minecraft:chainmail_boots":7,"minecraft:lead":16,"minecraft:diamond_sword":1,"minecraft:oak_stairs":7,"minecraft:amethyst_block":63,"paraglider:goddess_statue":1,"minecraft:string":41,"wildberries:raspberry":12,"minecraft:raw_copper":14,"minecraft:iron_leggings":1,"moyai:moyai":10,"minecraft:shroomlight":2,"create:mechanical_press":3,"minecraft:cobbled_deepslate":1110,"farmersdelight:cabbage":14,"comforts:sleeping_bag_white":50,"minecraft:rose_bush":49,"minecraft:calcite":419,"minecraft:iron_pickaxe":1,"farmersdelight:cabbage_seeds":42,"minecraft:furnace":2,"minecraft:golden_helmet":1,"minecraft:stick":366,"create:mechanical_mixer":2,"minecraft:oak_fence":15,"minecraft:torch":12,"create:andesite_casing":11,"minecraft:spruce_stairs":4,"minecraft:porkchop":20,"minecraft:cherry_log":187,"minecraft:pointed_dripstone":6,"tombstone:grave_dust":25,"minecraft:diorite":15,"minecraft:warped_planks":4,"minecraft:cauldron":4,"create:large_cogwheel":1,"minecraft:rotten_flesh":36,"farmersdelight:onion":19,"supplementaries:antique_ink":2,"farmersdelight:rope":9,"hauntedharvest:carved_pumpkin":1,"supplementaries:quiver":2,"supplementaries:ash":22,"minecraft:obsidian":5,"vinery:apple_log":12,"minecraft:cod":1,"minecraft:snowball":68,"minecraft:cobblestone":670,"minecraft:birch_log":102,"minecraft:enchanting_table":2,"minecraft:pink_petals":880,"minecraft:leather_chestplate":1,"minecraft:lilac":6,"minecraft:feather":2,"minecraft:cooked_beef":19,"farmersdelight:rice":4,"minecraft:cherry_planks":14,"minecraft:andesite":77,"minecraft:golden_leggings":1,"minecraft:smoker":3,"paraglider:spirit_orb":4,"minecraft:flint":8,"minecraft:tuff":16,"create:raw_zinc":22,"supplementaries:flax_seeds":3,"minecraft:dirt":1867,"minecraft:name_tag":1,"minecraft:leather_boots":2,"minecraft:bone":327,"minecraft:stonecutter":1,"minecraft:bow":19,"minecraft:wheat_seeds":87,"minecraft:raw_gold":2,"minecraft:cobbled_deepslate_slab":1,"create:shaft":1,"minecraft:fletching_table":4,"minecraft:oak_planks":60,"miners_delight:gossypium":3,"vinery:taiga_grape_seeds_white":6,"create:cogwheel":1,"minecraft:warped_wart_block":170,"minecraft:oak_pressure_plate":1,"snowyspirit:sled_oak":1,"minecraft:sand":16,"minecraft:ink_sac":2,"farmersdelight:ham":3,"minecraft:mossy_cobblestone":128,"minecraft:bundle":8,"minecraft:spruce_boat":10,"minecraft:lever":2,"minecraft:granite":3,"minecraft:grass":1,"minecraft:bone_meal":1,"minecraft:golden_apple":2,"minecraft:chainmail_helmet":7,"minecraft:emerald":4,"minecraft:oak_sapling":383,"minecraft:light_gray_carpet":1,"minecraft:netherrack":30,"create:white_sail":6,"minecraft:crafting_table":17,"minecraft:allium":39,"minecraft:chicken":1,"vinery:taiga_grapes_white":2,"minecraft:golden_pickaxe":1,"minecraft:brown_mushroom":19,"minecraft:wooden_pickaxe":1,"minecraft:diamond_horse_armor":3,"minecraft:oak_trapdoor":2,"minecraft:flint_and_steel":1,"miners_delight:cave_carrot":3,"minecraft:white_carpet":1,"vinery:apple_tree_sapling":5,"minecraft:beef":50,"farmersdelight:straw":2,"minecraft:oak_boat":8,"vinery:cherry":5,"minecraft:iron_nugget":18,"minecraft:spruce_slab":13,"supplementaries:cage":2,"minecraft:sugar_cane":122,"minecraft:chest":7,"minecraft:birch_sapling":26,"minecraft:spruce_trapdoor":2,"minecraft:egg":2,"minecraft:raw_iron":15,"minecraft:sandstone":3,"create:golden_sheet":4,"minecraft:bowl":1,"sophisticatedbackpacks:backpack":1,"create:windmill_bearing":1,"farmersdelight:tomato_seeds":6,"create:hand_crank":5,"minecraft:carrot":986,"minecraft:redstone":1,"minecraft:iron_horse_armor":1,"create:deployer":9,"minecraft:arrow":275,"minecraft:beetroot_seeds":3,"minecraft:peony":7,"minecraft:hay_block":62,"minecraft:gold_ingot":12,"tombstone:essence_of_undeath":1,"sophisticatedbackpacks:copper_backpack":1,"minecraft:mutton":4,"minecraft:white_wool":21,"minecraft:stripped_oak_log":2,"create:iron_sheet":34,"farmersdelight:rich_soil":2,"create:brass_sheet":16,"minecraft:basalt":2,"vinery:rotten_cherry":5,"minecraft:glow_ink_sac":6,"minecraft:tripwire_hook":2,"minecraft:leather":45,"wildberries:blueberries":10,"minecraft:birch_planks":15,"wildberries:blackberry":9,"minecraft:oak_log":1238,"minecraft:yellow_bed":4,"minecraft:gunpowder":9,"create:blaze_burner":1,"minecraft:apple":160,"minecraft:kelp":315,"minecraft:warped_stem":58,"minecraft:iron_ingot":16,"tombstone:bag_of_seeds":5,"minecraft:soul_sand":1,"create:mechanical_saw":4,"minecraft:oak_slab":1,"minecraft:smooth_basalt":106,"create:large_water_wheel":1,"minecraft:pumpkin":14,"minecraft:sweet_berries":74,"vinery:taiga_grape_seeds_red":2,"minecraft:dandelion":1,"minecraft:gravel":85,"minecraft:amethyst_shard":152,"minecraft:spruce_sapling":86,"minecraft:white_bed":7,"minecraft:spruce_log":451,"artifacts:scarf_of_invisibility":1,"minecraft:leather_helmet":1,"create:millstone":2,"minecraft:pumpkin_seeds":4,"create:brass_ingot":13,"hauntedharvest:rotten_apple":7,"minecraft:cherry_sapling":99,"tombstone:magic_scroll":5,"minecraft:melon_seeds":4,"minecraft:coal":38,"minecraft:sunflower":6},"minecraft:dropped":{"minecraft:cooked_beef":1,"minecraft:snowball":34,"farmersdelight:onion":2,"minecraft:iron_pickaxe":1,"minecraft:gold_ingot":14,"minecraft:bone":13,"minecraft:gravel":2,"minecraft:iron_nugget":18,"minecraft:cobbled_deepslate":5,"minecraft:wheat":281,"minecraft:rotten_flesh":20,"minecraft:carrot":670,"supplementaries:ash":20,"minecraft:gunpowder":1,"minecraft:chainmail_boots":14,"create:brass_ingot":29,"minecraft:arrow":11,"farmersdelight:tomato_seeds":4,"minecraft:iron_ingot":50,"minecraft:wheat_seeds":16,"minecraft:mossy_cobblestone":64,"minecraft:granite":3,"minecraft:copper_ingot":30,"minecraft:chainmail_helmet":14,"minecraft:golden_apple":1,"minecraft:diamond_horse_armor":1,"minecraft:diorite":5,"minecraft:rose_bush":47,"tombstone:grave_dust":2,"minecraft:string":10,"create:raw_zinc":22,"minecraft:smooth_basalt":2,"minecraft:raw_copper":28,"minecraft:tuff":105,"farmersdelight:straw":2,"minecraft:pumpkin_seeds":2,"minecraft:flint_and_steel":1,"minecraft:filled_map":1,"minecraft:diamond_sword":1,"minecraft:allium":4,"create:zinc_ingot":30,"minecraft:bundle":1,"minecraft:andesite":214,"minecraft:stone_pickaxe":1,"minecraft:wooden_pickaxe":3,"minecraft:calcite":192},"minecraft:used":{"create:deployer":13,"minecraft:spruce_slab":28,"farmersdelight:cabbage_seeds":42,"minecraft:oak_sign":2,"sophisticatedbackpacks:copper_backpack":1,"minecraft:ladder":6,"create:portable_storage_interface":3,"minecraft:chest":37,"minecraft:shield":19,"minecraft:iron_sword":240,"minecraft:grass":1,"minecraft:rotten_flesh":2,"create:mechanical_bearing":1,"minecraft:soul_sand":1,"create:white_sail":30,"create:cogwheel":3,"minecraft:carrot":5470,"minecraft:snowball":34,"minecraft:spruce_boat":10,"minecraft:lava_bucket":18,"minecraft:lantern":4,"create:millstone":2,"minecraft:bow":10,"create:shaft":1,"minecraft:sweet_berries":3,"minecraft:furnace":4,"minecraft:egg":1,"minecraft:oak_planks":197,"minecraft:stone_pickaxe":306,"minecraft:wooden_pickaxe":40,"minecraft:sandstone":3,"minecraft:composter":1,"minecraft:diamond_axe":949,"create:mechanical_saw":8,"minecraft:white_wool":1,"minecraft:golden_apple":1,"minecraft:sand":7,"minecraft:blast_furnace":1,"farmersdelight:cod_roll":1,"minecraft:shears":3,"minecraft:lever":2,"minecraft:string":9,"minecraft:bread":3,"tombstone:grave_key":7,"minecraft:oak_pressure_plate":1,"create:andesite_casing":1,"minecraft:gravel":81,"wildberries:blueberries":6,"minecraft:diamond_sword":94,"create:basin":1,"minecraft:grindstone":1,"minecraft:smithing_table":1,"minecraft:andesite":89,"minecraft:birch_log":6,"minecraft:oak_boat":9,"minecraft:oak_fence":105,"minecraft:bone_meal":603,"create:large_cogwheel":2,"miners_delight:gossypium":3,"vinery:apple_log":2,"minecraft:oak_trapdoor":3,"minecraft:rose_bush":1,"minecraft:stone_sword":120,"minecraft:flint_and_steel":1,"minecraft:enchanting_table":2,"minecraft:stone_shovel":215,"minecraft:light_gray_carpet":1,"minecraft:spruce_planks":19,"farmersdelight:rich_soil":2,"minecraft:stone_hoe":929,"minecraft:netherrack":23,"minecraft:torch":49,"minecraft:dirt":1478,"minecraft:warped_wart_block":44,"minecraft:anvil":1,"minecraft:white_carpet":1,"create:mechanical_mixer":3,"minecraft:hopper":8,"minecraft:spruce_stairs":55,"minecraft:spruce_fence":13,"minecraft:oak_fence_gate":2,"minecraft:wooden_axe":66,"create:gearbox":1,"minecraft:iron_axe":1040,"create:wrench":73,"minecraft:oak_stairs":7,"minecraft:smooth_basalt":6,"minecraft:tripwire_hook":2,"minecraft:golden_carrot":38,"minecraft:beef":1,"farmersdelight:tomato_seeds":8,"comforts:sleeping_bag_white":50,"tombstone:gift":5,"minecraft:cooked_beef":44,"minecraft:cobbled_deepslate":343,"minecraft:water_bucket":135,"farmersdelight:iron_knife":37,"minecraft:wheat_seeds":20,"wildberries:blackberry":1,"minecraft:birch_planks":15,"minecraft:brown_mushroom":4,"minecraft:cherry_planks":14,"minecraft:fletching_table":7,"minecraft:stonecutter":1,"create:blaze_burner":2,"farmersdelight:onion":19,"minecraft:oak_slab":1,"minecraft:crafting_table":28,"minecraft:white_bed":10,"minecraft:cod":5,"minecraft:warped_planks":196,"minecraft:smoker":4,"minecraft:oak_log":279,"create:linear_chassis":15,"minecraft:diamond_pickaxe":3162,"supplementaries:cage":8,"minecraft:apple":95,"minecraft:diamond_shovel":1606,"create:mechanical_press":4,"vinery:rotten_cherry":5,"create:windmill_bearing":2,"minecraft:chicken":1,"minecraft:iron_pickaxe":2010,"minecraft:spruce_trapdoor":37,"minecraft:spruce_sapling":24,"create:large_water_wheel":2,"minecraft:pink_petals":66,"minecraft:cobblestone":133,"minecraft:cobbled_deepslate_slab":3,"vinery:cherry":2,"minecraft:cooked_porkchop":3,"minecraft:bucket":157,"minecraft:yellow_bed":4,"vinery:apple_tree_sapling":5,"create:hand_crank":6,"minecraft:stripped_oak_log":1,"minecraft:kelp":30,"minecraft:dandelion":1},"minecraft:custom":{"minecraft:animals_bred":2,"minecraft:interact_with_crafting_table":395,"goblintraders:trade_with_goblin":323,"minecraft:bell_ring":829,"minecraft:leave_game":6,"minecraft:time_since_death":130303,"minecraft:sprint_one_cm":2321895,"minecraft:damage_blocked_by_shield":1110,"minecraft:drop":169,"minecraft:talked_to_villager":106,"minecraft:play_time":1056653,"minecraft:deaths":22,"minecraft:jump":14749,"minecraft:walk_on_water_one_cm":170670,"minecraft:interact_with_furnace":33,"minecraft:traded_with_villager":398,"minecraft:sleep_in_bed":64,"minecraft:damage_dealt":23535,"minecraft:crouch_one_cm":101983,"tombstone:undead_killed":327,"minecraft:horse_one_cm":6390,"minecraft:interact_with_smoker":17,"minecraft:interact_with_smithing_table":1,"minecraft:interact_with_anvil":55,"minecraft:mob_kills":394,"minecraft:inspect_hopper":4,"minecraft:damage_dealt_resisted":171,"minecraft:climb_one_cm":18446,"minecraft:walk_one_cm":2477910,"minecraft:damage_dealt_absorbed":154,"minecraft:sneak_time":29214,"minecraft:walk_under_water_one_cm":96708,"minecraft:total_world_time":1056653,"tombstone:raider_killed":1,"minecraft:interact_with_stonecutter":2,"minecraft:time_since_rest":5913,"minecraft:damage_taken":12864,"minecraft:swim_one_cm":165914,"minecraft:fly_one_cm":2594417,"minecraft:open_chest":571,"minecraft:fall_one_cm":382074},"minecraft:killed_by":{"minecraft:zombie_villager":1,"minecraft:wither_skeleton":1,"minecraft:creeper":2,"minecraft:zombie":4,"minecraft:spider":1,"minecraft:enderman":1,"alexsmobs:gelada_monkey":1,"alexsmobs:tiger":1,"minecraft:skeleton":4},"minecraft:crafted":{"minecraft:grindstone":1,"minecraft:smooth_stone":3,"minecraft:oak_planks":4748,"minecraft:chainmail_helmet":8,"minecraft:oak_sign":3,"toolbelt:pouch":1,"minecraft:stone":7,"minecraft:lever":1,"minecraft:diamond_shovel":4,"create:mechanical_bearing":1,"create:deployer":4,"minecraft:cooked_mutton":4,"minecraft:iron_bars":16,"minecraft:warped_planks":192,"minecraft:glass":3,"minecraft:hopper":8,"minecraft:diamond_leggings":1,"minecraft:diamond_helmet":1,"minecraft:bow":2,"minecraft:iron_boots":1,"create:mechanical_press":1,"tombstone:grave_key":8,"minecraft:chest":40,"minecraft:stone_hoe":8,"create:cogwheel":17,"minecraft:oak_fence":102,"minecraft:raw_iron_block":27,"create:brass_hand":4,"minecraft:smoker":2,"minecraft:oak_slab":18,"minecraft:emerald":348,"create:rose_quartz":8,"sophisticatedbackpacks:backpack":1,"minecraft:cooked_porkchop":3,"minecraft:diamond_axe":1,"minecraft:crafting_table":14,"minecraft:spruce_planks":508,"create:mechanical_saw":4,"minecraft:wooden_pickaxe":2,"minecraft:iron_helmet":1,"supplementaries:cage":8,"minecraft:smithing_table":1,"minecraft:copper_ingot":162,"create:sand_paper":6,"minecraft:fletching_table":3,"minecraft:birch_planks":360,"create:mechanical_mixer":1,"minecraft:polished_deepslate_slab":2,"create:gearbox":1,"minecraft:spruce_trapdoor":50,"minecraft:iron_chestplate":1,"minecraft:book":1,"minecraft:paper":9,"minecraft:diamond_pickaxe":5,"create:water_wheel":1,"minecraft:shield":1,"create:portable_storage_interface":2,"create:super_glue":1,"minecraft:stick":8922,"minecraft:stone_slab":2,"minecraft:iron_ingot":534,"minecraft:iron_pickaxe":9,"minecraft:iron_block":22,"minecraft:stone_sword":1,"minecraft:gold_ingot":8,"create:large_cogwheel":1,"minecraft:composter":1,"minecraft:shears":2,"create:empty_blaze_burner":1,"create:chute":8,"minecraft:cherry_planks":8,"minecraft:cobbled_deepslate_slab":6,"toolbelt:belt":1,"minecraft:coal":270,"minecraft:raw_iron":72,"minecraft:stone_shovel":12,"minecraft:tripwire_hook":2,"create:wrench":1,"minecraft:iron_nugget":684,"create:white_sail":26,"comforts:sleeping_bag_white":1,"minecraft:furnace":5,"minecraft:blast_furnace":1,"minecraft:bone_meal":633,"minecraft:spruce_fence":18,"minecraft:oak_trapdoor":4,"minecraft:flint_and_steel":1,"minecraft:lantern":4,"minecraft:spruce_stairs":56,"minecraft:polished_deepslate":4,"minecraft:iron_axe":7,"minecraft:ladder":6,"minecraft:slime_ball":2,"minecraft:spruce_slab":78,"create:millstone":1,"minecraft:lime_dye":2,"minecraft:stone_pickaxe":4,"minecraft:diamond_boots":1,"minecraft:spruce_boat":1,"create:basin":1,"create:electron_tube":8,"create:windmill_bearing":1,"sophisticatedbackpacks:iron_backpack":1,"minecraft:wheat":315,"minecraft:cooked_beef":32,"minecraft:coal_block":52,"paraglider:paraglider":1,"minecraft:cooked_cod":27,"create:andesite_alloy":220,"create:hand_crank":1,"minecraft:diamond_sword":1,"minecraft:enchanting_table":1,"create:dough":2,"create:goggles":1,"create:large_water_wheel":1,"sophisticatedbackpacks:gold_backpack":1,"minecraft:bucket":2,"minecraft:air":0,"minecraft:oak_fence_gate":2,"minecraft:oak_boat":3,"create:whisk":1,"minecraft:white_wool":5,"minecraft:white_dye":1,"create:linear_chassis":15,"minecraft:chainmail_boots":12,"minecraft:wooden_axe":1,"minecraft:iron_shovel":3,"minecraft:iron_leggings":1,"minecraft:anvil":1,"minecraft:white_bed":3,"create:shaft":24,"minecraft:torch":164,"create:zinc_ingot":80,"minecraft:diamond_chestplate":1},"minecraft:killed":{"minecraft:witch":1,"minecraft:spider":10,"minecraft:skeleton":286,"alexsmobs:straddler":1,"artifacts:mimic":1,"minecraft:pig":11,"minecraft:creeper":6,"minecraft:sheep":3,"minecraft:zombie":37,"minecraft:glow_squid":1,"minecraft:cow":29,"minecraft:wither_skeleton":4},"minecraft:mined":{"miners_delight:wild_cave_carrots":2,"minecraft:large_amethyst_bud":6,"create:deepslate_zinc_ore":42,"minecraft:oak_sapling":1,"minecraft:white_bed":7,"farmersdelight:rich_soil":2,"create:andesite_casing":11,"minecraft:cherry_log":189,"minecraft:obsidian":5,"minecraft:spruce_trapdoor":2,"minecraft:granite":3,"minecraft:budding_amethyst":5,"vinery:taiga_grape_bush_red":1,"moyai:moyai":10,"minecraft:grass_block":1150,"wildberries:raspberry_bush_stage_3":5,"minecraft:oak_pressure_plate":1,"minecraft:spawner":2,"vinery:apple_log":12,"comforts:sleeping_bag_white":2,"minecraft:tall_seagrass":1,"minecraft:raw_iron_block":2,"farmersdelight:wild_rice":4,"minecraft:iron_ore":251,"minecraft:fire":1,"minecraft:cobbled_deepslate":86,"minecraft:pumpkin":14,"minecraft:deepslate_lapis_ore":5,"minecraft:fletching_table":4,"minecraft:enchanting_table":2,"supplementaries:stick":3,"vinery:taiga_grape_bush_white":2,"minecraft:pointed_dripstone":3,"minecraft:water_cauldron":4,"minecraft:dirt_path":5,"minecraft:small_amethyst_bud":1,"minecraft:oak_stairs":7,"minecraft:spruce_slab":12,"minecraft:tripwire":3,"create:mechanical_press":3,"farmersdelight:wild_potatoes":1,"minecraft:deepslate_redstone_ore":22,"create:cogwheel":1,"minecraft:brown_mushroom":8,"minecraft:kelp_plant":51,"minecraft:medium_amethyst_bud":4,"minecraft:smoker":3,"minecraft:amethyst_cluster":37,"minecraft:powder_snow":91,"minecraft:torch":6,"wildberries:blueberry_bush_stage_3":4,"minecraft:calcite":357,"minecraft:chest":7,"farmersdelight:brown_mushroom_colony":2,"supplementaries:wild_flax":3,"farmersdelight:cabbages":12,"minecraft:nether_quartz_ore":51,"minecraft:cobblestone":192,"minecraft:oak_planks":52,"minecraft:sugar_cane":50,"wildberries:blackberry_bush_stage_3":1,"minecraft:wall_torch":1,"minecraft:amethyst_block":64,"create:large_water_wheel":1,"minecraft:pink_petals":126,"minecraft:seagrass":2,"farmersdelight:sandy_shrub":5,"minecraft:warped_planks":5,"minecraft:birch_log":105,"minecraft:wheat":19,"minecraft:lilac":8,"create:mechanical_mixer":2,"minecraft:grass":223,"minecraft:oak_log":549,"create:hand_crank":3,"minecraft:sand":16,"minecraft:dirt":682,"minecraft:smooth_basalt":105,"minecraft:tripwire_hook":1,"minecraft:stonecutter":1,"minecraft:netherrack":31,"minecraft:oak_leaves":20,"minecraft:deepslate":1021,"create:zinc_ore":99,"minecraft:tuff":106,"create:millstone":2,"minecraft:mossy_cobblestone":64,"minecraft:deepslate_diamond_ore":18,"farmersdelight:wild_carrots":3,"minecraft:lever":1,"minecraft:cobbled_deepslate_slab":1,"minecraft:allium":2,"create:large_cogwheel":1,"minecraft:spruce_leaves":20,"farmersdelight:wild_cabbages":12,"minecraft:kelp":5,"minecraft:sandstone":3,"minecraft:hay_block":62,"farmersdelight:wild_onions":18,"minecraft:redstone_ore":7,"create:shaft":1,"minecraft:oak_trapdoor":2,"minecraft:furnace":2,"minecraft:carrots":268,"miners_delight:gossypium":1,"minecraft:snow":1,"create:white_sail":6,"minecraft:andesite":1494,"create:windmill_bearing":1,"minecraft:peony":8,"minecraft:shroomlight":3,"minecraft:deepslate_iron_ore":243,"minecraft:warped_stem":61,"minecraft:stripped_oak_log":2,"create:deployer":9,"minecraft:stone":469,"minecraft:white_wool":1,"minecraft:podzol":1,"minecraft:oak_slab":1,"minecraft:light_gray_carpet":1,"hauntedharvest:carved_pumpkin":1,"minecraft:cherry_planks":14,"minecraft:soul_sand":1,"minecraft:snow_block":3,"minecraft:dandelion":2,"minecraft:oak_fence":16,"minecraft:crafting_table":17,"minecraft:rose_bush":17,"minecraft:copper_ore":48,"minecraft:tall_grass":32,"minecraft:deepslate_gold_ore":20,"minecraft:diorite":6,"create:mechanical_saw":4,"supplementaries:cage":2,"farmersdelight:wild_beetroots":2,"minecraft:warped_wart_block":246,"minecraft:spruce_stairs":4,"supplementaries:urn":11,"minecraft:birch_planks":15,"create:blaze_burner":1,"minecraft:sweet_berry_bush":17,"minecraft:ice":7,"minecraft:white_carpet":1,"minecraft:spruce_log":451,"minecraft:birch_leaves":3,"minecraft:yellow_bed":4,"minecraft:coal_ore":526,"minecraft:gravel":91,"minecraft:sunflower":8,"minecraft:cobweb":15,"minecraft:gold_ore":16,"minecraft:fern":3,"paraglider:goddess_statue":1}},"DataVersion":3465}