{"stats":{"minecraft:killed_by":{"minecraft:zombie_villager":1,"minecraft:enderman":1,"alexsmobs:gelada_monkey":1,"minecraft:skeleton":3,"minecraft:zombie":2},"minecraft:crafted":{"minecraft:oak_planks":176,"minecraft:stone_shovel":1,"minecraft:tripwire_hook":2,"comforts:sleeping_bag_white":1,"minecraft:furnace":2,"minecraft:lever":1,"minecraft:cooked_mutton":4,"minecraft:oak_trapdoor":2,"minecraft:iron_bars":16,"minecraft:iron_boots":1,"minecraft:iron_axe":1,"tombstone:grave_key":7,"minecraft:spruce_slab":24,"minecraft:stone_pickaxe":4,"minecraft:chest":4,"minecraft:spruce_boat":1,"minecraft:smoker":1,"sophisticatedbackpacks:iron_backpack":1,"minecraft:wheat":279,"minecraft:cooked_beef":4,"minecraft:coal_block":30,"paraglider:paraglider":1,"minecraft:cooked_porkchop":3,"minecraft:crafting_table":5,"minecraft:spruce_planks":68,"minecraft:wooden_pickaxe":1,"minecraft:iron_helmet":1,"supplementaries:cage":8,"sophisticatedbackpacks:gold_backpack":1,"minecraft:bucket":2,"minecraft:air":0,"minecraft:white_wool":5,"minecraft:iron_chestplate":1,"minecraft:shield":1,"minecraft:stick":12,"minecraft:iron_ingot":92,"minecraft:iron_pickaxe":3,"minecraft:wooden_axe":1,"minecraft:iron_leggings":1,"minecraft:gold_ingot":8,"minecraft:white_bed":3,"minecraft:shears":1},"minecraft:used":{"minecraft:oak_trapdoor":2,"minecraft:oak_fence":1,"minecraft:stone_shovel":131,"minecraft:chest":4,"minecraft:shield":12,"minecraft:iron_sword":182,"minecraft:grass":1,"minecraft:dirt":241,"minecraft:snowball":34,"minecraft:spruce_boat":10,"minecraft:wooden_axe":66,"minecraft:iron_axe":219,"minecraft:oak_stairs":7,"minecraft:tripwire_hook":2,"minecraft:golden_carrot":5,"minecraft:furnace":3,"tombstone:gift":1,"minecraft:cooked_beef":14,"comforts:sleeping_bag_white":10,"farmersdelight:iron_knife":37,"minecraft:water_bucket":6,"minecraft:oak_planks":146,"minecraft:stone_pickaxe":306,"minecraft:wooden_pickaxe":38,"minecraft:sandstone":3,"minecraft:white_wool":1,"minecraft:sand":7,"minecraft:oak_slab":1,"minecraft:crafting_table":14,"farmersdelight:cod_roll":1,"minecraft:white_bed":8,"minecraft:cod":1,"minecraft:shears":3,"minecraft:smoker":3,"minecraft:oak_log":1,"minecraft:lever":2,"supplementaries:cage":3,"vinery:rotten_cherry":5,"minecraft:string":9,"minecraft:iron_pickaxe":510,"tombstone:grave_key":5,"minecraft:oak_pressure_plate":1,"minecraft:cobblestone":68,"vinery:cherry":2,"minecraft:cooked_porkchop":3,"minecraft:andesite":5,"minecraft:bucket":8,"minecraft:bone_meal":1},"minecraft:custom":{"minecraft:mob_kills":57,"minecraft:interact_with_crafting_table":42,"goblintraders:trade_with_goblin":32,"minecraft:bell_ring":829,"minecraft:damage_dealt_resisted":171,"minecraft:leave_game":3,"minecraft:time_since_death":51481,"minecraft:climb_one_cm":4951,"minecraft:sprint_one_cm":498593,"minecraft:walk_one_cm":408794,"minecraft:damage_blocked_by_shield":810,"minecraft:drop":40,"minecraft:damage_dealt_absorbed":74,"minecraft:talked_to_villager":1,"minecraft:play_time":220080,"minecraft:sneak_time":5135,"minecraft:deaths":11,"minecraft:walk_under_water_one_cm":23212,"minecraft:jump":3587,"minecraft:walk_on_water_one_cm":21382,"minecraft:total_world_time":220080,"minecraft:interact_with_furnace":12,"minecraft:sleep_in_bed":10,"minecraft:time_since_rest":2820,"minecraft:damage_taken":4246,"minecraft:damage_dealt":8133,"minecraft:swim_one_cm":22727,"minecraft:fly_one_cm":566596,"minecraft:open_chest":55,"minecraft:crouch_one_cm":17096,"tombstone:undead_killed":17,"minecraft:interact_with_smoker":6,"minecraft:fall_one_cm":89324},"minecraft:killed":{"minecraft:spider":2,"minecraft:skeleton":7,"artifacts:mimic":1,"minecraft:pig":11,"minecraft:creeper":3,"minecraft:sheep":3,"minecraft:zombie":10,"minecraft:cow":18},"minecraft:dropped":{"minecraft:wheat_seeds":12,"minecraft:cooked_beef":1,"minecraft:snowball":34,"tombstone:grave_dust":1,"minecraft:string":10,"create:raw_zinc":22,"minecraft:bone":12,"minecraft:iron_nugget":18,"minecraft:raw_copper":28,"minecraft:tuff":89,"minecraft:wheat":279,"minecraft:rotten_flesh":3,"farmersdelight:straw":2,"minecraft:filled_map":1,"supplementaries:ash":17,"minecraft:wooden_pickaxe":1,"minecraft:stone_pickaxe":1,"minecraft:arrow":10},"minecraft:mined":{"create:zinc_ore":67,"create:deepslate_zinc_ore":14,"minecraft:tuff":89,"minecraft:white_bed":5,"minecraft:cherry_log":38,"minecraft:lever":1,"wildberries:raspberry_bush_stage_3":1,"minecraft:grass_block":19,"moyai:moyai":2,"minecraft:oak_pressure_plate":1,"minecraft:spruce_leaves":20,"minecraft:sandstone":3,"minecraft:spawner":1,"minecraft:hay_block":31,"minecraft:redstone_ore":7,"minecraft:oak_trapdoor":2,"minecraft:furnace":2,"minecraft:iron_ore":144,"minecraft:snow":1,"minecraft:andesite":5,"minecraft:pumpkin":14,"minecraft:dirt_path":1,"minecraft:deepslate_iron_ore":8,"minecraft:water_cauldron":4,"minecraft:oak_stairs":7,"minecraft:stripped_oak_log":1,"minecraft:stone":139,"minecraft:white_wool":1,"minecraft:tripwire":3,"minecraft:deepslate_redstone_ore":12,"minecraft:oak_slab":1,"minecraft:brown_mushroom":2,"hauntedharvest:carved_pumpkin":1,"minecraft:smoker":2,"minecraft:snow_block":3,"minecraft:dandelion":1,"minecraft:powder_snow":91,"minecraft:oak_fence":2,"minecraft:crafting_table":10,"minecraft:rose_bush":1,"minecraft:copper_ore":4,"minecraft:tall_grass":16,"minecraft:cobblestone":37,"minecraft:oak_planks":11,"minecraft:sugar_cane":14,"supplementaries:cage":1,"supplementaries:urn":8,"minecraft:pink_petals":1,"minecraft:spruce_log":49,"minecraft:birch_leaves":3,"minecraft:grass":84,"minecraft:oak_log":108,"minecraft:coal_ore":285,"minecraft:sunflower":1,"minecraft:sand":7,"minecraft:dirt":195,"minecraft:cobweb":13,"minecraft:tripwire_hook":1,"minecraft:stonecutter":1,"minecraft:gold_ore":6,"minecraft:oak_leaves":3},"minecraft:picked_up":{"minecraft:crafting_table":10,"vinery:taiga_grapes_white":2,"minecraft:brown_mushroom":2,"minecraft:oak_stairs":7,"minecraft:string":33,"minecraft:oak_trapdoor":2,"wildberries:raspberry":3,"minecraft:raw_copper":14,"minecraft:iron_leggings":1,"moyai:moyai":2,"comforts:sleeping_bag_white":10,"minecraft:beef":34,"farmersdelight:straw":2,"minecraft:rose_bush":1,"vinery:cherry":2,"minecraft:iron_nugget":18,"supplementaries:cage":1,"minecraft:sugar_cane":31,"minecraft:furnace":2,"minecraft:stick":54,"minecraft:raw_iron":1,"minecraft:sandstone":3,"minecraft:oak_fence":1,"minecraft:bowl":1,"sophisticatedbackpacks:backpack":1,"minecraft:porkchop":20,"minecraft:cherry_log":36,"minecraft:cauldron":4,"minecraft:arrow":10,"minecraft:rotten_flesh":3,"supplementaries:antique_ink":2,"minecraft:hay_block":31,"tombstone:essence_of_undeath":1,"hauntedharvest:carved_pumpkin":1,"supplementaries:ash":17,"minecraft:mutton":4,"minecraft:cod":1,"minecraft:snowball":68,"minecraft:white_wool":14,"minecraft:cobblestone":178,"minecraft:stripped_oak_log":1,"minecraft:pink_petals":2,"minecraft:cooked_beef":11,"vinery:rotten_cherry":5,"minecraft:tripwire_hook":2,"minecraft:andesite":5,"minecraft:leather":29,"minecraft:smoker":2,"paraglider:spirit_orb":2,"create:raw_zinc":22,"minecraft:oak_log":101,"minecraft:dirt":245,"minecraft:bone":12,"minecraft:apple":1,"minecraft:bow":1,"minecraft:stonecutter":1,"minecraft:wheat_seeds":16,"minecraft:raw_gold":2,"minecraft:oak_planks":11,"minecraft:oak_slab":1,"minecraft:pumpkin":14,"minecraft:sweet_berries":31,"minecraft:oak_pressure_plate":1,"minecraft:sand":7,"minecraft:spruce_sapling":14,"minecraft:white_bed":5,"minecraft:spruce_log":49,"farmersdelight:ham":3,"artifacts:scarf_of_invisibility":1,"minecraft:spruce_boat":10,"minecraft:lever":2,"minecraft:grass":1,"minecraft:bone_meal":1,"minecraft:cherry_sapling":27,"minecraft:emerald":4,"minecraft:oak_sapling":42,"minecraft:coal":37,"minecraft:sunflower":1},"minecraft:broken":{"minecraft:iron_pickaxe":1,"minecraft:wooden_axe":1,"minecraft:stone_shovel":1}},"DataVersion":3465}