{"stats":{"minecraft:used":{"sophisticatedbackpacks:copper_backpack":1,"minecraft:oak_sign":2,"minecraft:chest":10,"minecraft:shield":18,"minecraft:iron_sword":240,"minecraft:grass":1,"minecraft:soul_sand":1,"create:white_sail":30,"create:cogwheel":1,"minecraft:carrot":4922,"minecraft:snowball":34,"minecraft:spruce_boat":10,"minecraft:lava_bucket":13,"create:millstone":1,"minecraft:bow":10,"minecraft:furnace":3,"minecraft:oak_planks":161,"minecraft:stone_pickaxe":306,"minecraft:wooden_pickaxe":38,"minecraft:sandstone":3,"minecraft:white_wool":1,"minecraft:sand":7,"farmersdelight:cod_roll":1,"minecraft:shears":3,"minecraft:lever":2,"minecraft:string":9,"tombstone:grave_key":5,"minecraft:oak_pressure_plate":1,"create:andesite_casing":1,"minecraft:gravel":79,"minecraft:birch_log":2,"minecraft:andesite":5,"minecraft:oak_boat":1,"minecraft:bone_meal":422,"vinery:apple_log":2,"minecraft:oak_fence":1,"minecraft:oak_trapdoor":2,"minecraft:rose_bush":1,"minecraft:stone_sword":64,"minecraft:flint_and_steel":1,"minecraft:stone_shovel":215,"minecraft:stone_hoe":2,"minecraft:torch":18,"minecraft:dirt":248,"minecraft:warped_wart_block":32,"minecraft:anvil":1,"minecraft:wooden_axe":66,"minecraft:iron_axe":622,"minecraft:oak_stairs":7,"minecraft:smooth_basalt":6,"minecraft:tripwire_hook":2,"minecraft:golden_carrot":38,"minecraft:beef":1,"tombstone:gift":4,"comforts:sleeping_bag_white":22,"minecraft:cooked_beef":14,"minecraft:cobbled_deepslate":317,"minecraft:wheat_seeds":3,"farmersdelight:iron_knife":37,"minecraft:water_bucket":42,"minecraft:birch_planks":15,"minecraft:cherry_planks":14,"minecraft:stonecutter":1,"minecraft:fletching_table":7,"minecraft:oak_slab":1,"minecraft:crafting_table":21,"minecraft:white_bed":8,"minecraft:cod":1,"minecraft:smoker":3,"minecraft:oak_log":2,"minecraft:apple":28,"minecraft:diamond_pickaxe":686,"supplementaries:cage":4,"create:mechanical_press":1,"create:windmill_bearing":2,"vinery:rotten_cherry":5,"minecraft:iron_pickaxe":2010,"minecraft:pink_petals":6,"minecraft:cobblestone":84,"minecraft:cobbled_deepslate_slab":3,"vinery:cherry":2,"minecraft:cooked_porkchop":3,"minecraft:bucket":59,"create:hand_crank":2,"minecraft:kelp":30,"minecraft:dandelion":1},"minecraft:killed_by":{"minecraft:zombie_villager":1,"minecraft:zombie":3,"minecraft:spider":1,"minecraft:enderman":1,"alexsmobs:gelada_monkey":1,"alexsmobs:tiger":1,"minecraft:skeleton":4},"minecraft:crafted":{"minecraft:oak_planks":612,"minecraft:oak_sign":3,"minecraft:lever":1,"minecraft:cooked_mutton":4,"minecraft:iron_bars":16,"minecraft:bow":2,"minecraft:iron_boots":1,"create:mechanical_press":1,"tombstone:grave_key":7,"minecraft:chest":9,"minecraft:stone_hoe":1,"create:cogwheel":2,"minecraft:smoker":1,"minecraft:oak_slab":6,"minecraft:emerald":26,"sophisticatedbackpacks:backpack":1,"minecraft:cooked_porkchop":3,"minecraft:crafting_table":8,"minecraft:spruce_planks":180,"minecraft:wooden_pickaxe":1,"minecraft:iron_helmet":1,"supplementaries:cage":8,"minecraft:fletching_table":3,"minecraft:birch_planks":16,"minecraft:polished_deepslate_slab":2,"minecraft:iron_chestplate":1,"minecraft:diamond_pickaxe":1,"minecraft:shield":1,"create:super_glue":1,"minecraft:stick":924,"minecraft:iron_ingot":174,"minecraft:iron_pickaxe":9,"minecraft:iron_block":4,"minecraft:stone_sword":1,"minecraft:gold_ingot":8,"minecraft:shears":2,"create:empty_blaze_burner":1,"minecraft:cherry_planks":8,"minecraft:cobbled_deepslate_slab":6,"minecraft:coal":18,"minecraft:stone_shovel":2,"minecraft:tripwire_hook":2,"minecraft:iron_nugget":270,"create:white_sail":26,"comforts:sleeping_bag_white":1,"minecraft:furnace":2,"minecraft:bone_meal":453,"minecraft:oak_trapdoor":2,"minecraft:flint_and_steel":1,"minecraft:polished_deepslate":4,"minecraft:iron_axe":3,"minecraft:slime_ball":2,"minecraft:spruce_slab":24,"create:millstone":1,"minecraft:lime_dye":2,"minecraft:stone_pickaxe":4,"minecraft:spruce_boat":1,"create:windmill_bearing":1,"minecraft:wheat":279,"sophisticatedbackpacks:iron_backpack":1,"minecraft:cooked_beef":4,"minecraft:coal_block":30,"paraglider:paraglider":1,"create:andesite_alloy":31,"create:hand_crank":1,"create:dough":2,"sophisticatedbackpacks:gold_backpack":1,"minecraft:bucket":2,"minecraft:air":0,"minecraft:oak_boat":1,"minecraft:white_wool":5,"minecraft:white_dye":1,"minecraft:wooden_axe":1,"minecraft:iron_leggings":1,"minecraft:anvil":1,"minecraft:white_bed":3,"create:shaft":8,"minecraft:torch":132,"create:zinc_ingot":10},"minecraft:custom":{"minecraft:interact_with_crafting_table":160,"goblintraders:trade_with_goblin":62,"minecraft:bell_ring":829,"minecraft:leave_game":4,"minecraft:time_since_death":527,"minecraft:sprint_one_cm":990861,"minecraft:damage_blocked_by_shield":1035,"minecraft:drop":92,"minecraft:talked_to_villager":15,"minecraft:play_time":483325,"minecraft:deaths":17,"minecraft:jump":7353,"minecraft:walk_on_water_one_cm":112114,"minecraft:interact_with_furnace":17,"minecraft:traded_with_villager":26,"minecraft:sleep_in_bed":23,"minecraft:damage_dealt":14381,"minecraft:crouch_one_cm":35854,"tombstone:undead_killed":174,"minecraft:interact_with_smoker":6,"minecraft:interact_with_anvil":2,"minecraft:mob_kills":226,"minecraft:damage_dealt_resisted":171,"minecraft:climb_one_cm":4951,"minecraft:walk_one_cm":844761,"minecraft:damage_dealt_absorbed":74,"minecraft:sneak_time":12333,"minecraft:walk_under_water_one_cm":73875,"minecraft:total_world_time":483325,"tombstone:raider_killed":1,"minecraft:interact_with_stonecutter":1,"minecraft:time_since_rest":1,"minecraft:damage_taken":8450,"minecraft:swim_one_cm":105168,"minecraft:fly_one_cm":1191600,"minecraft:open_chest":216,"minecraft:fall_one_cm":195227},"minecraft:killed":{"minecraft:witch":1,"minecraft:spider":3,"minecraft:skeleton":156,"alexsmobs:straddler":1,"artifacts:mimic":1,"minecraft:pig":11,"minecraft:creeper":3,"minecraft:sheep":3,"minecraft:zombie":18,"minecraft:glow_squid":1,"minecraft:cow":26},"minecraft:dropped":{"minecraft:cooked_beef":1,"minecraft:snowball":34,"farmersdelight:onion":2,"minecraft:iron_pickaxe":1,"minecraft:gold_ingot":2,"minecraft:bone":13,"minecraft:gravel":2,"minecraft:cobbled_deepslate":5,"minecraft:iron_nugget":18,"minecraft:wheat":281,"minecraft:rotten_flesh":13,"minecraft:carrot":379,"supplementaries:ash":17,"minecraft:arrow":11,"farmersdelight:tomato_seeds":4,"minecraft:iron_ingot":17,"minecraft:wheat_seeds":12,"minecraft:mossy_cobblestone":64,"minecraft:granite":3,"minecraft:golden_apple":1,"minecraft:diamond_horse_armor":1,"minecraft:diorite":5,"minecraft:rose_bush":47,"tombstone:grave_dust":2,"minecraft:string":10,"create:raw_zinc":22,"minecraft:smooth_basalt":2,"minecraft:raw_copper":28,"minecraft:tuff":105,"farmersdelight:straw":2,"minecraft:pumpkin_seeds":2,"minecraft:flint_and_steel":1,"minecraft:filled_map":1,"minecraft:allium":4,"minecraft:bundle":1,"minecraft:stone_pickaxe":1,"minecraft:wooden_pickaxe":1},"minecraft:mined":{"minecraft:large_amethyst_bud":6,"create:deepslate_zinc_ore":35,"minecraft:white_bed":5,"create:andesite_casing":4,"minecraft:cherry_log":58,"minecraft:granite":3,"minecraft:budding_amethyst":4,"moyai:moyai":2,"minecraft:grass_block":28,"wildberries:raspberry_bush_stage_3":2,"minecraft:oak_pressure_plate":1,"vinery:apple_log":12,"minecraft:spawner":1,"minecraft:tall_seagrass":1,"minecraft:iron_ore":148,"minecraft:cobbled_deepslate":79,"minecraft:pumpkin":14,"minecraft:fletching_table":4,"minecraft:deepslate_lapis_ore":5,"minecraft:water_cauldron":4,"minecraft:dirt_path":1,"minecraft:oak_stairs":7,"minecraft:small_amethyst_bud":1,"minecraft:tripwire":3,"minecraft:deepslate_redstone_ore":22,"create:cogwheel":1,"minecraft:brown_mushroom":5,"minecraft:kelp_plant":51,"minecraft:smoker":2,"minecraft:medium_amethyst_bud":4,"minecraft:amethyst_cluster":17,"minecraft:powder_snow":91,"minecraft:torch":1,"minecraft:calcite":357,"minecraft:chest":2,"minecraft:nether_quartz_ore":3,"minecraft:cobblestone":180,"minecraft:sugar_cane":18,"minecraft:oak_planks":21,"wildberries:blackberry_bush_stage_3":1,"minecraft:amethyst_block":59,"minecraft:pink_petals":3,"minecraft:seagrass":2,"minecraft:birch_log":7,"minecraft:wheat":2,"minecraft:grass":105,"minecraft:oak_log":177,"create:hand_crank":1,"minecraft:sand":7,"minecraft:dirt":197,"minecraft:smooth_basalt":104,"minecraft:tripwire_hook":1,"minecraft:stonecutter":1,"minecraft:netherrack":5,"minecraft:oak_leaves":5,"minecraft:deepslate":997,"create:zinc_ore":99,"minecraft:tuff":106,"minecraft:mossy_cobblestone":64,"minecraft:deepslate_diamond_ore":11,"farmersdelight:wild_carrots":2,"minecraft:lever":1,"minecraft:cobbled_deepslate_slab":1,"minecraft:allium":1,"minecraft:spruce_leaves":20,"minecraft:kelp":5,"minecraft:sandstone":3,"minecraft:hay_block":32,"farmersdelight:wild_onions":1,"minecraft:redstone_ore":7,"minecraft:oak_trapdoor":2,"minecraft:furnace":2,"minecraft:carrots":161,"minecraft:snow":1,"create:white_sail":6,"minecraft:andesite":84,"create:windmill_bearing":1,"minecraft:peony":8,"minecraft:deepslate_iron_ore":33,"minecraft:shroomlight":3,"minecraft:warped_stem":10,"minecraft:stripped_oak_log":1,"minecraft:stone":172,"minecraft:white_wool":1,"minecraft:oak_slab":1,"hauntedharvest:carved_pumpkin":1,"minecraft:cherry_planks":14,"minecraft:soul_sand":1,"minecraft:snow_block":3,"minecraft:dandelion":2,"minecraft:oak_fence":2,"minecraft:crafting_table":15,"minecraft:rose_bush":17,"minecraft:tall_grass":22,"minecraft:copper_ore":4,"minecraft:diorite":5,"supplementaries:cage":1,"minecraft:warped_wart_block":204,"supplementaries:urn":11,"minecraft:birch_planks":15,"minecraft:ice":7,"minecraft:spruce_log":49,"minecraft:birch_leaves":3,"minecraft:coal_ore":359,"minecraft:sunflower":8,"minecraft:gravel":89,"minecraft:cobweb":15,"minecraft:gold_ore":11,"paraglider:goddess_statue":1},"minecraft:picked_up":{"minecraft:wheat":4,"minecraft:oak_stairs":7,"minecraft:amethyst_block":58,"paraglider:goddess_statue":1,"minecraft:string":35,"wildberries:raspberry":6,"minecraft:raw_copper":14,"minecraft:iron_leggings":1,"moyai:moyai":2,"minecraft:shroomlight":2,"minecraft:cobbled_deepslate":1081,"comforts:sleeping_bag_white":21,"minecraft:rose_bush":49,"minecraft:calcite":355,"minecraft:iron_pickaxe":1,"minecraft:furnace":2,"minecraft:stick":95,"minecraft:oak_fence":1,"minecraft:torch":1,"create:andesite_casing":4,"minecraft:porkchop":20,"minecraft:cherry_log":56,"tombstone:grave_dust":12,"minecraft:diorite":10,"minecraft:cauldron":4,"minecraft:rotten_flesh":27,"farmersdelight:onion":2,"supplementaries:antique_ink":2,"farmersdelight:rope":9,"hauntedharvest:carved_pumpkin":1,"supplementaries:ash":17,"vinery:apple_log":12,"minecraft:snowball":68,"minecraft:cod":1,"minecraft:cobblestone":356,"minecraft:birch_log":7,"minecraft:pink_petals":51,"minecraft:cooked_beef":11,"minecraft:cherry_planks":14,"minecraft:andesite":9,"minecraft:smoker":2,"paraglider:spirit_orb":2,"minecraft:flint":8,"minecraft:tuff":16,"create:raw_zinc":22,"minecraft:dirt":255,"minecraft:name_tag":1,"minecraft:leather_boots":1,"minecraft:bone":191,"minecraft:stonecutter":1,"minecraft:bow":12,"minecraft:wheat_seeds":24,"minecraft:raw_gold":2,"minecraft:cobbled_deepslate_slab":1,"minecraft:fletching_table":4,"minecraft:oak_planks":29,"create:cogwheel":1,"minecraft:warped_wart_block":158,"minecraft:oak_pressure_plate":1,"minecraft:sand":7,"farmersdelight:ham":3,"minecraft:mossy_cobblestone":128,"minecraft:bundle":6,"minecraft:spruce_boat":10,"minecraft:lever":2,"minecraft:granite":3,"minecraft:grass":1,"minecraft:bone_meal":1,"minecraft:golden_apple":2,"minecraft:emerald":4,"minecraft:oak_sapling":74,"minecraft:netherrack":4,"create:white_sail":6,"minecraft:crafting_table":15,"minecraft:allium":4,"vinery:taiga_grapes_white":2,"minecraft:brown_mushroom":5,"minecraft:diamond_horse_armor":3,"minecraft:oak_trapdoor":2,"minecraft:flint_and_steel":1,"vinery:apple_tree_sapling":5,"minecraft:beef":50,"farmersdelight:straw":2,"minecraft:oak_boat":1,"vinery:cherry":5,"minecraft:iron_nugget":18,"minecraft:chest":2,"supplementaries:cage":1,"minecraft:sugar_cane":43,"minecraft:birch_sapling":4,"minecraft:raw_iron":7,"minecraft:sandstone":3,"minecraft:bowl":1,"sophisticatedbackpacks:backpack":1,"create:windmill_bearing":1,"farmersdelight:tomato_seeds":6,"create:hand_crank":1,"minecraft:carrot":607,"minecraft:redstone":1,"minecraft:iron_horse_armor":1,"minecraft:arrow":142,"minecraft:peony":7,"minecraft:hay_block":32,"tombstone:essence_of_undeath":1,"minecraft:gold_ingot":4,"sophisticatedbackpacks:copper_backpack":1,"minecraft:mutton":4,"minecraft:white_wool":21,"minecraft:stripped_oak_log":1,"create:iron_sheet":5,"minecraft:basalt":2,"vinery:rotten_cherry":5,"minecraft:tripwire_hook":2,"minecraft:glow_ink_sac":5,"minecraft:leather":41,"minecraft:birch_planks":15,"minecraft:oak_log":169,"minecraft:gunpowder":4,"minecraft:apple":43,"minecraft:kelp":315,"minecraft:warped_stem":10,"minecraft:iron_ingot":12,"tombstone:bag_of_seeds":2,"minecraft:soul_sand":1,"minecraft:oak_slab":1,"minecraft:smooth_basalt":105,"minecraft:sweet_berries":31,"minecraft:pumpkin":14,"minecraft:dandelion":1,"minecraft:gravel":83,"minecraft:amethyst_shard":72,"minecraft:spruce_sapling":14,"minecraft:white_bed":5,"minecraft:spruce_log":49,"artifacts:scarf_of_invisibility":1,"minecraft:pumpkin_seeds":4,"hauntedharvest:rotten_apple":2,"minecraft:cherry_sapling":44,"tombstone:magic_scroll":3,"minecraft:melon_seeds":4,"minecraft:coal":37,"minecraft:sunflower":6},"minecraft:broken":{"minecraft:iron_sword":1,"minecraft:wooden_axe":1,"minecraft:stone_shovel":1,"minecraft:iron_axe":2,"minecraft:iron_pickaxe":7}},"DataVersion":3465}