{"stats":{"minecraft:killed_by":{"minecraft:zombie_villager":1,"minecraft:enderman":1,"alexsmobs:gelada_monkey":1,"alexsmobs:tiger":1,"minecraft:skeleton":3,"minecraft:zombie":2},"minecraft:crafted":{"minecraft:oak_planks":180,"minecraft:stone_shovel":1,"minecraft:tripwire_hook":2,"comforts:sleeping_bag_white":1,"minecraft:furnace":2,"minecraft:lever":1,"minecraft:cooked_mutton":4,"minecraft:oak_trapdoor":2,"minecraft:iron_bars":16,"minecraft:bow":2,"minecraft:iron_boots":1,"minecraft:iron_axe":2,"tombstone:grave_key":7,"minecraft:spruce_slab":24,"minecraft:stone_pickaxe":4,"minecraft:chest":4,"minecraft:spruce_boat":1,"minecraft:smoker":1,"sophisticatedbackpacks:iron_backpack":1,"minecraft:wheat":279,"minecraft:cooked_beef":4,"minecraft:coal_block":30,"paraglider:paraglider":1,"minecraft:cooked_porkchop":3,"minecraft:crafting_table":6,"minecraft:spruce_planks":68,"minecraft:wooden_pickaxe":1,"minecraft:iron_helmet":1,"supplementaries:cage":8,"sophisticatedbackpacks:gold_backpack":1,"minecraft:bucket":2,"minecraft:air":0,"minecraft:white_wool":5,"minecraft:iron_chestplate":1,"minecraft:shield":1,"minecraft:stick":12,"minecraft:iron_ingot":92,"minecraft:iron_pickaxe":4,"minecraft:wooden_axe":1,"minecraft:iron_leggings":1,"minecraft:gold_ingot":8,"minecraft:white_bed":3,"minecraft:torch":4,"minecraft:shears":1},"minecraft:used":{"minecraft:oak_trapdoor":2,"minecraft:oak_fence":1,"minecraft:stone_shovel":131,"minecraft:chest":6,"minecraft:shield":12,"minecraft:iron_sword":226,"minecraft:grass":1,"minecraft:torch":1,"minecraft:dirt":241,"minecraft:snowball":34,"minecraft:spruce_boat":10,"minecraft:wooden_axe":66,"minecraft:iron_axe":292,"minecraft:oak_stairs":7,"minecraft:tripwire_hook":2,"minecraft:golden_carrot":11,"minecraft:furnace":3,"tombstone:gift":1,"minecraft:cooked_beef":14,"comforts:sleeping_bag_white":11,"farmersdelight:iron_knife":37,"minecraft:water_bucket":7,"minecraft:oak_planks":150,"minecraft:stone_pickaxe":306,"minecraft:wooden_pickaxe":38,"minecraft:sandstone":3,"minecraft:white_wool":1,"minecraft:sand":7,"minecraft:oak_slab":1,"minecraft:crafting_table":16,"farmersdelight:cod_roll":1,"minecraft:white_bed":8,"minecraft:cod":1,"minecraft:shears":3,"minecraft:smoker":3,"minecraft:oak_log":1,"minecraft:lever":2,"supplementaries:cage":3,"vinery:rotten_cherry":5,"minecraft:string":9,"minecraft:iron_pickaxe":753,"tombstone:grave_key":5,"minecraft:oak_pressure_plate":1,"minecraft:cobblestone":68,"vinery:cherry":2,"minecraft:cooked_porkchop":3,"minecraft:andesite":5,"minecraft:bucket":9,"minecraft:bone_meal":1},"minecraft:custom":{"minecraft:mob_kills":75,"minecraft:interact_with_crafting_table":45,"goblintraders:trade_with_goblin":32,"minecraft:bell_ring":829,"minecraft:damage_dealt_resisted":171,"minecraft:leave_game":3,"minecraft:time_since_death":15509,"minecraft:climb_one_cm":4951,"minecraft:sprint_one_cm":562996,"minecraft:walk_one_cm":451657,"minecraft:damage_blocked_by_shield":810,"minecraft:drop":54,"minecraft:damage_dealt_absorbed":74,"minecraft:talked_to_villager":1,"minecraft:play_time":244080,"minecraft:sneak_time":6466,"minecraft:deaths":13,"minecraft:walk_under_water_one_cm":25359,"minecraft:jump":3981,"minecraft:walk_on_water_one_cm":28958,"minecraft:total_world_time":244080,"minecraft:interact_with_furnace":12,"minecraft:sleep_in_bed":11,"minecraft:time_since_rest":13860,"minecraft:damage_taken":5219,"minecraft:damage_dealt":10406,"minecraft:swim_one_cm":25775,"minecraft:fly_one_cm":628808,"minecraft:open_chest":73,"minecraft:crouch_one_cm":20858,"tombstone:undead_killed":34,"minecraft:interact_with_smoker":6,"minecraft:fall_one_cm":101738},"minecraft:killed":{"minecraft:spider":2,"minecraft:skeleton":21,"artifacts:mimic":1,"minecraft:pig":11,"minecraft:creeper":3,"minecraft:sheep":3,"minecraft:zombie":13,"minecraft:glow_squid":1,"minecraft:cow":18},"minecraft:mined":{"create:zinc_ore":92,"create:deepslate_zinc_ore":14,"minecraft:tuff":105,"minecraft:white_bed":5,"minecraft:cherry_log":38,"minecraft:lever":1,"wildberries:raspberry_bush_stage_3":1,"minecraft:grass_block":19,"moyai:moyai":2,"minecraft:oak_pressure_plate":1,"minecraft:spruce_leaves":20,"minecraft:sandstone":3,"minecraft:spawner":1,"minecraft:hay_block":31,"minecraft:redstone_ore":7,"minecraft:oak_trapdoor":2,"minecraft:furnace":2,"minecraft:iron_ore":144,"minecraft:snow":1,"minecraft:andesite":22,"minecraft:pumpkin":14,"minecraft:deepslate_lapis_ore":5,"minecraft:dirt_path":1,"minecraft:deepslate_iron_ore":8,"minecraft:water_cauldron":4,"minecraft:oak_stairs":7,"minecraft:stripped_oak_log":1,"minecraft:stone":147,"minecraft:white_wool":1,"minecraft:tripwire":3,"minecraft:deepslate_redstone_ore":12,"minecraft:oak_slab":1,"minecraft:brown_mushroom":2,"hauntedharvest:carved_pumpkin":1,"minecraft:medium_amethyst_bud":1,"minecraft:amethyst_cluster":2,"minecraft:smoker":2,"minecraft:snow_block":3,"minecraft:dandelion":1,"minecraft:powder_snow":91,"minecraft:oak_fence":2,"minecraft:crafting_table":12,"minecraft:calcite":2,"minecraft:chest":2,"minecraft:rose_bush":1,"minecraft:copper_ore":4,"minecraft:tall_grass":19,"minecraft:cobblestone":120,"minecraft:oak_planks":15,"minecraft:sugar_cane":14,"minecraft:diorite":5,"supplementaries:cage":1,"minecraft:amethyst_block":3,"supplementaries:urn":8,"minecraft:pink_petals":1,"minecraft:ice":1,"minecraft:spruce_log":49,"minecraft:birch_leaves":3,"minecraft:grass":84,"minecraft:oak_log":167,"minecraft:coal_ore":308,"minecraft:gravel":3,"minecraft:sunflower":1,"minecraft:sand":7,"minecraft:dirt":195,"minecraft:cobweb":13,"minecraft:smooth_basalt":2,"minecraft:tripwire_hook":1,"minecraft:stonecutter":1,"minecraft:gold_ore":6,"minecraft:deepslate":48,"minecraft:oak_leaves":3},"minecraft:dropped":{"farmersdelight:tomato_seeds":4,"minecraft:wheat_seeds":12,"minecraft:cooked_beef":1,"minecraft:golden_apple":1,"minecraft:diamond_horse_armor":1,"minecraft:diorite":5,"minecraft:snowball":34,"tombstone:grave_dust":1,"minecraft:gold_ingot":2,"minecraft:smooth_basalt":2,"minecraft:string":10,"create:raw_zinc":22,"minecraft:bone":13,"minecraft:gravel":2,"minecraft:iron_nugget":18,"minecraft:raw_copper":28,"minecraft:tuff":105,"minecraft:wheat":279,"minecraft:rotten_flesh":13,"farmersdelight:straw":2,"minecraft:pumpkin_seeds":2,"minecraft:filled_map":1,"supplementaries:ash":17,"minecraft:wooden_pickaxe":1,"minecraft:stone_pickaxe":1,"minecraft:arrow":11},"minecraft:picked_up":{"minecraft:crafting_table":12,"minecraft:wheat":2,"vinery:taiga_grapes_white":2,"minecraft:brown_mushroom":2,"minecraft:oak_stairs":7,"minecraft:diamond_horse_armor":3,"minecraft:amethyst_block":2,"minecraft:string":33,"minecraft:oak_trapdoor":2,"wildberries:raspberry":3,"minecraft:raw_copper":14,"minecraft:iron_leggings":1,"moyai:moyai":2,"minecraft:cobbled_deepslate":48,"comforts:sleeping_bag_white":11,"minecraft:beef":34,"farmersdelight:straw":2,"minecraft:calcite":2,"minecraft:rose_bush":1,"vinery:cherry":2,"minecraft:iron_nugget":18,"minecraft:chest":2,"supplementaries:cage":1,"minecraft:sugar_cane":31,"minecraft:furnace":2,"minecraft:stick":70,"minecraft:raw_iron":1,"minecraft:sandstone":3,"minecraft:oak_fence":1,"minecraft:bowl":1,"sophisticatedbackpacks:backpack":1,"minecraft:porkchop":20,"farmersdelight:tomato_seeds":6,"minecraft:cherry_log":36,"tombstone:grave_dust":5,"minecraft:diorite":10,"minecraft:iron_horse_armor":1,"minecraft:cauldron":4,"minecraft:arrow":26,"minecraft:rotten_flesh":27,"supplementaries:antique_ink":2,"minecraft:hay_block":31,"farmersdelight:rope":9,"minecraft:gold_ingot":4,"tombstone:essence_of_undeath":1,"hauntedharvest:carved_pumpkin":1,"supplementaries:ash":17,"minecraft:mutton":4,"minecraft:cod":1,"minecraft:snowball":68,"minecraft:white_wool":14,"minecraft:cobblestone":268,"minecraft:stripped_oak_log":1,"minecraft:pink_petals":2,"minecraft:cooked_beef":11,"minecraft:glow_ink_sac":3,"vinery:rotten_cherry":5,"minecraft:tripwire_hook":2,"minecraft:andesite":5,"minecraft:leather":29,"minecraft:smoker":2,"paraglider:spirit_orb":2,"minecraft:flint":1,"minecraft:tuff":16,"create:raw_zinc":22,"minecraft:oak_log":159,"minecraft:gunpowder":4,"minecraft:dirt":245,"minecraft:name_tag":1,"minecraft:bone":40,"minecraft:apple":2,"minecraft:bow":4,"minecraft:stonecutter":1,"minecraft:wheat_seeds":16,"minecraft:raw_gold":2,"tombstone:bag_of_seeds":1,"minecraft:oak_planks":15,"minecraft:oak_slab":1,"minecraft:smooth_basalt":4,"minecraft:pumpkin":14,"minecraft:sweet_berries":31,"minecraft:oak_pressure_plate":1,"minecraft:gravel":4,"minecraft:amethyst_shard":8,"minecraft:sand":7,"minecraft:spruce_sapling":14,"minecraft:white_bed":5,"minecraft:spruce_log":49,"farmersdelight:ham":3,"artifacts:scarf_of_invisibility":1,"minecraft:pumpkin_seeds":4,"hauntedharvest:rotten_apple":2,"minecraft:spruce_boat":10,"minecraft:lever":2,"minecraft:grass":1,"minecraft:bone_meal":1,"minecraft:cherry_sapling":27,"minecraft:golden_apple":2,"minecraft:emerald":4,"tombstone:magic_scroll":1,"minecraft:oak_sapling":74,"minecraft:melon_seeds":4,"minecraft:coal":37,"minecraft:sunflower":1},"minecraft:broken":{"minecraft:iron_axe":1,"minecraft:iron_pickaxe":1,"minecraft:wooden_axe":1,"minecraft:stone_shovel":1}},"DataVersion":3465}