{"stats":{"minecraft:dropped":{"minecraft:cooked_beef":1,"minecraft:warped_roots":18,"create:incomplete_precision_mechanism":1,"minecraft:dirt":4,"minecraft:iron_pickaxe":1,"minecraft:bone":13,"minecraft:iron_nugget":18,"minecraft:cobbled_deepslate":5,"minecraft:wheat":281,"minecraft:birch_sapling":1,"minecraft:obsidian":218,"minecraft:rotten_flesh":27,"minecraft:warped_wart_block":336,"farmersdelight:tomato_seeds":4,"minecraft:iron_ingot":105,"minecraft:wheat_seeds":21,"minecraft:cobblestone":5,"minecraft:granite":4,"minecraft:chainmail_helmet":14,"minecraft:golden_apple":1,"minecraft:diamond_horse_armor":1,"minecraft:rose_bush":47,"minecraft:string":10,"create:raw_zinc":22,"farmersdelight:straw":2,"minecraft:pumpkin_seeds":2,"minecraft:diamond_sword":1,"minecraft:allium":4,"minecraft:bundle":1,"create:zinc_ingot":172,"minecraft:oak_log":2,"tombstone:bag_of_seeds":3,"create:brass_sheet":3,"minecraft:snowball":34,"farmersdelight:onion":109,"minecraft:gold_ingot":18,"minecraft:gravel":2,"minecraft:carrot":670,"supplementaries:ash":21,"minecraft:gunpowder":3,"minecraft:chainmail_boots":14,"create:brass_ingot":37,"minecraft:arrow":14,"minecraft:oak_leaves":1,"minecraft:mossy_cobblestone":64,"minecraft:copper_ingot":330,"minecraft:iron_block":7,"minecraft:diorite":5,"tombstone:grave_dust":2,"minecraft:smooth_basalt":2,"minecraft:raw_copper":28,"minecraft:tuff":106,"farmersdelight:cabbage_seeds":4,"minecraft:flint_and_steel":1,"minecraft:filled_map":1,"minecraft:andesite":214,"minecraft:stone_pickaxe":1,"minecraft:wooden_pickaxe":3,"minecraft:calcite":192,"create:golden_sheet":19},"minecraft:picked_up":{"minecraft:chainmail_boots":7,"minecraft:anvil":1,"create:spout":1,"minecraft:lead":17,"minecraft:diamond_sword":1,"minecraft:oak_stairs":7,"minecraft:amethyst_block":85,"paraglider:goddess_statue":1,"minecraft:string":41,"wildberries:raspberry":15,"moyai:moyai":10,"create:unprocessed_obsidian_sheet":1,"minecraft:shroomlight":130,"minecraft:cobbled_deepslate":1258,"minecraft:spruce_planks":10,"minecraft:warped_slab":239,"minecraft:golden_helmet":1,"create:andesite_casing":20,"minecraft:cherry_log":223,"minecraft:warped_planks":67,"minecraft:cauldron":4,"create:copper_casing":5,"farmersdelight:onion":1784,"minecraft:iron_block":7,"minecraft:red_tulip":1,"farmersdelight:rope":9,"minecraft:bookshelf":2,"hauntedharvest:carved_pumpkin":1,"supplementaries:quiver":3,"supplementaries:ash":23,"minecraft:snowball":68,"minecraft:birch_log":109,"minecraft:feather":11,"minecraft:cooked_beef":19,"farmersdelight:rice":4,"minecraft:smoker":3,"minecraft:flint":20,"farmersdelight:tomato":602,"artifacts:shock_pendant":1,"minecraft:twisting_vines":24,"minecraft:stonecutter":1,"create:shaft":19,"minecraft:honeycomb":3,"create:gearshift":4,"miners_delight:gossypium":3,"minecraft:warped_wart_block":2047,"minecraft:ink_sac":2,"minecraft:bundle":9,"minecraft:lever":5,"minecraft:granite":4,"minecraft:chainmail_helmet":7,"minecraft:light_gray_carpet":1,"minecraft:crafting_table":18,"minecraft:bee_nest":1,"minecraft:leather_leggings":1,"vinery:taiga_grapes_white":2,"minecraft:golden_pickaxe":1,"create:fluid_pipe":3,"minecraft:flint_and_steel":1,"mysticaloaktree:wise_oak":2,"minecraft:white_carpet":1,"minecraft:beef":217,"vinery:cherry":5,"minecraft:poppy":1,"minecraft:iron_nugget":39,"minecraft:spruce_slab":25,"minecraft:chest":7,"minecraft:birch_sapling":31,"minecraft:egg":2,"minecraft:sandstone":3,"farmersdelight:minced_beef":334,"sophisticatedbackpacks:backpack":1,"create_sa:brass_jetpack_chestplate":1,"farmersdelight:tomato_seeds":6,"create:powdered_obsidian":90,"minecraft:carrot":986,"minecraft:redstone":32,"create:brass_casing":9,"create:vertical_gearbox":1,"minecraft:beetroot_seeds":3,"minecraft:peony":7,"minecraft:hay_block":62,"tombstone:essence_of_undeath":2,"minecraft:gold_ingot":14,"sophisticatedbackpacks:copper_backpack":3,"minecraft:mutton":4,"minecraft:white_wool":21,"minecraft:oxeye_daisy":1,"minecraft:stripped_oak_log":12,"create:iron_sheet":59,"create:brass_sheet":22,"vinery:rotten_cherry":5,"minecraft:tripwire_hook":2,"wildberries:blackberry":9,"minecraft:oak_log":1845,"framedblocks:framed_slab":13,"create:crushing_wheel":6,"minecraft:apple":176,"minecraft:kelp":646,"minecraft:warped_stem":662,"tombstone:bag_of_seeds":9,"create:mechanical_saw":4,"minecraft:smooth_basalt":107,"minecraft:sweet_berries":74,"vinery:taiga_grape_seeds_red":2,"minecraft:gravel":114,"minecraft:spruce_sapling":148,"minecraft:spruce_log":460,"farmersdelight:cabbage_leaf":160,"create:gearbox":3,"minecraft:leather_helmet":1,"create:millstone":2,"hauntedharvest:rotten_apple":8,"create:mechanical_pump":1,"framedblocks:framed_vertical_double_half_stairs":34,"minecraft:warped_roots":19,"minecraft:melon_seeds":4,"minecraft:wheat":844,"minecraft:warped_stairs":96,"minecraft:raw_copper":119,"minecraft:iron_leggings":1,"alexsmobs:blood_sac":4,"create:mechanical_press":4,"farmersdelight:cabbage":81,"comforts:sleeping_bag_white":117,"create:sturdy_sheet":1,"minecraft:rose_bush":49,"minecraft:calcite":428,"minecraft:iron_pickaxe":1,"farmersdelight:cabbage_seeds":315,"minecraft:furnace":2,"minecraft:stick":495,"create:mechanical_mixer":4,"farmersdelight:rotten_tomato":26,"minecraft:oak_fence":16,"minecraft:torch":20,"minecraft:spruce_stairs":5,"minecraft:porkchop":20,"minecraft:pointed_dripstone":6,"tombstone:grave_dust":43,"minecraft:diorite":21,"create:large_cogwheel":2,"minecraft:rotten_flesh":43,"supplementaries:antique_ink":2,"create:asurine":1,"minecraft:obsidian":290,"minecraft:cod":1,"vinery:apple_log":12,"minecraft:cobblestone":782,"minecraft:enchanting_table":3,"minecraft:pink_petals":1006,"minecraft:leather_chestplate":3,"minecraft:lilac":6,"minecraft:cherry_planks":14,"minecraft:andesite":148,"minecraft:golden_leggings":1,"create:belt_connector":2,"paraglider:spirit_orb":4,"minecraft:tuff":18,"create:raw_zinc":41,"supplementaries:flax_seeds":3,"create:incomplete_precision_mechanism":1,"minecraft:lapis_lazuli":27,"minecraft:dirt":2323,"minecraft:name_tag":1,"minecraft:leather_boots":3,"minecraft:glass":14,"minecraft:bone":541,"minecraft:bow":34,"minecraft:wheat_seeds":2472,"minecraft:raw_gold":8,"minecraft:cobbled_deepslate_slab":1,"minecraft:fletching_table":4,"minecraft:oak_planks":139,"vinery:taiga_grape_seeds_white":6,"create:cogwheel":8,"minecraft:oak_pressure_plate":1,"snowyspirit:sled_oak":1,"minecraft:sand":16,"minecraft:grass_block":4,"farmersdelight:ham":3,"minecraft:mossy_cobblestone":128,"minecraft:spruce_boat":10,"minecraft:grass":1,"minecraft:bone_meal":1,"minecraft:golden_apple":2,"minecraft:emerald":4,"minecraft:oak_sapling":621,"minecraft:netherrack":186,"minecraft:oak_leaves":3,"create:white_sail":6,"minecraft:allium":39,"minecraft:chicken":1,"minecraft:brown_mushroom":19,"minecraft:wooden_pickaxe":1,"create:rotation_speed_controller":1,"minecraft:diamond_horse_armor":3,"alexsmobs:hummingbird_feeder":1,"minecraft:oak_trapdoor":3,"miners_delight:cave_carrot":3,"minecraft:blackstone":1,"vinery:apple_tree_sapling":5,"farmersdelight:straw":66,"minecraft:oak_boat":8,"create:basin":3,"minecraft:lectern":255,"supplementaries:cage":2,"minecraft:sugar_cane":178,"minecraft:spruce_trapdoor":10,"minecraft:cherry_trapdoor":17,"minecraft:raw_iron":50,"minecraft:copper_ingot":196,"create:golden_sheet":4,"minecraft:bowl":1,"create:windmill_bearing":1,"create:hand_crank":6,"minecraft:iron_horse_armor":1,"create:zinc_ingot":58,"create:deployer":12,"minecraft:arrow":488,"farmersdelight:rich_soil":2,"minecraft:basalt":7,"minecraft:glow_ink_sac":6,"minecraft:leather":174,"wildberries:blueberries":10,"minecraft:birch_planks":15,"minecraft:yellow_bed":4,"minecraft:gunpowder":11,"create:blaze_burner":4,"farmersdelight:tatami":6,"minecraft:iron_ingot":46,"storagedrawers:oak_full_drawers_1":3,"minecraft:soul_sand":1,"minecraft:book":72,"minecraft:oak_slab":1,"create:large_water_wheel":7,"minecraft:pumpkin":14,"minecraft:quartz":3,"minecraft:dandelion":8,"minecraft:amethyst_shard":316,"minecraft:white_bed":7,"artifacts:scarf_of_invisibility":1,"minecraft:pumpkin_seeds":4,"create:brass_ingot":13,"minecraft:campfire":1,"minecraft:iron_helmet":1,"minecraft:cherry_sapling":128,"tombstone:magic_scroll":6,"minecraft:coal":45,"minecraft:sunflower":80},"minecraft:broken":{"minecraft:iron_sword":1,"minecraft:stone_hoe":6,"minecraft:iron_axe":3,"minecraft:iron_pickaxe":7,"minecraft:iron_helmet":1,"minecraft:wooden_axe":1,"minecraft:stone_shovel":1,"create:sand_paper":3},"minecraft:killed":{"minecraft:skeleton":398,"alexsmobs:straddler":1,"minecraft:pillager":4,"minecraft:zombie":40,"minecraft:glow_squid":1,"minecraft:cow":78,"alexsmobs:seagull":2,"minecraft:witch":1,"minecraft:spider":11,"artifacts:mimic":2,"minecraft:pig":11,"minecraft:creeper":8,"alexsmobs:crimson_mosquito":6,"minecraft:sheep":3,"alexsmobs:tiger":1,"minecraft:wither_skeleton":8},"minecraft:custom":{"minecraft:interact_with_crafting_table":666,"minecraft:open_barrel":41,"goblintraders:trade_with_goblin":1060,"minecraft:bell_ring":829,"minecraft:leave_game":16,"minecraft:time_since_death":12298,"minecraft:damage_blocked_by_shield":1110,"minecraft:play_time":2130888,"minecraft:deaths":29,"minecraft:jump":21280,"minecraft:enchant_item":10,"minecraft:interact_with_furnace":48,"minecraft:traded_with_villager":1727,"minecraft:sleep_in_bed":141,"minecraft:damage_dealt":36022,"tombstone:undead_killed":446,"minecraft:interact_with_smoker":138,"minecraft:use_cauldron":9,"minecraft:horse_one_cm":6565,"minecraft:interact_with_smithing_table":1,"minecraft:interact_with_anvil":58,"minecraft:inspect_hopper":8,"minecraft:damage_dealt_absorbed":154,"minecraft:sneak_time":87363,"minecraft:total_world_time":2130888,"tombstone:raider_killed":5,"minecraft:interact_with_stonecutter":2,"minecraft:time_since_rest":3426,"minecraft:swim_one_cm":221278,"minecraft:fly_one_cm":7086762,"minecraft:open_chest":1557,"minecraft:fall_one_cm":733778,"minecraft:animals_bred":398,"minecraft:sprint_one_cm":3840420,"minecraft:drop":254,"minecraft:talked_to_villager":666,"minecraft:walk_on_water_one_cm":252340,"minecraft:crouch_one_cm":269993,"minecraft:mob_kills":581,"minecraft:damage_dealt_resisted":171,"minecraft:climb_one_cm":58097,"minecraft:walk_one_cm":5297397,"minecraft:walk_under_water_one_cm":135540,"minecraft:interact_with_grindstone":7,"minecraft:damage_taken":20791},"minecraft:mined":{"minecraft:white_bed":7,"create:copper_casing":2,"create:andesite_casing":20,"minecraft:cherry_log":225,"minecraft:warped_stairs":98,"minecraft:obsidian":95,"minecraft:granite":7,"vinery:taiga_grape_bush_red":1,"wildberries:raspberry_bush_stage_3":6,"minecraft:oak_pressure_plate":1,"create:belt":2,"create:rotation_speed_controller":1,"minecraft:spawner":2,"minecraft:tall_seagrass":1,"minecraft:cobbled_deepslate":86,"minecraft:fire":5,"minecraft:pumpkin":14,"minecraft:fletching_table":4,"minecraft:deepslate_lapis_ore":20,"minecraft:enchanting_table":3,"vinery:taiga_grape_bush_white":2,"minecraft:water_cauldron":4,"minecraft:dirt_path":5,"minecraft:oak_stairs":7,"minecraft:small_amethyst_bud":1,"create:gearshift":5,"create:mechanical_press":4,"farmersdelight:wild_potatoes":1,"minecraft:tripwire":3,"create:cogwheel":8,"minecraft:brown_mushroom":8,"minecraft:kelp_plant":86,"minecraft:smoker":3,"minecraft:amethyst_cluster":60,"minecraft:powder_snow":91,"minecraft:torch":9,"farmersdelight:cabbages":81,"minecraft:glass":7,"minecraft:sugar_cane":86,"wildberries:blackberry_bush_stage_3":1,"minecraft:amethyst_block":86,"create:basin":2,"minecraft:wheat":863,"storagedrawers:oak_full_drawers_1":3,"create:mechanical_mixer":4,"minecraft:lilac":8,"minecraft:grass":563,"create:hand_crank":4,"minecraft:smooth_basalt":106,"minecraft:stonecutter":1,"minecraft:deepslate":1180,"create:zinc_ore":114,"create:millstone":2,"minecraft:mossy_cobblestone":64,"farmersdelight:wild_carrots":3,"minecraft:cobbled_deepslate_slab":1,"minecraft:allium":2,"farmersdelight:wild_cabbages":12,"minecraft:kelp":10,"farmersdelight:wild_onions":18,"minecraft:redstone_ore":7,"create:shaft":17,"minecraft:snow":1,"minecraft:andesite":3457,"minecraft:warped_stem":676,"create:deployer":12,"framedblocks:framed_vertical_double_half_stairs":34,"minecraft:white_wool":1,"minecraft:oak_slab":1,"minecraft:light_gray_carpet":1,"minecraft:cherry_planks":14,"minecraft:soul_sand":1,"framedblocks:framed_double_slab":3,"minecraft:dandelion":2,"create:fluid_pipe":3,"create:mechanical_pump":1,"minecraft:warped_roots":19,"minecraft:campfire":1,"minecraft:tall_grass":88,"minecraft:copper_ore":89,"minecraft:deepslate_gold_ore":66,"minecraft:diorite":12,"minecraft:warped_wart_block":4266,"create:mechanical_saw":4,"alexsmobs:hummingbird_feeder":1,"create:water_wheel_structure":3,"create:blaze_burner":4,"create:gearbox":3,"minecraft:white_carpet":1,"minecraft:spruce_log":460,"minecraft:birch_leaves":12,"create:crushing_wheel":4,"minecraft:sunflower":22,"minecraft:gravel":131,"minecraft:cobweb":15,"minecraft:gold_ore":16,"minecraft:fern":3,"minecraft:infested_stone":1,"miners_delight:wild_cave_carrots":2,"minecraft:large_amethyst_bud":6,"create:deepslate_zinc_ore":91,"minecraft:spruce_planks":10,"farmersdelight:rich_soil":2,"minecraft:oak_sapling":71,"minecraft:spruce_trapdoor":10,"minecraft:cherry_trapdoor":17,"minecraft:budding_amethyst":5,"minecraft:grass_block":1465,"moyai:moyai":10,"vinery:apple_log":12,"comforts:sleeping_bag_white":2,"minecraft:raw_iron_block":2,"farmersdelight:wild_rice":4,"minecraft:iron_ore":357,"minecraft:anvil":1,"create:asurine":1,"minecraft:red_tulip":1,"minecraft:pointed_dripstone":3,"supplementaries:stick":3,"minecraft:spruce_slab":22,"minecraft:deepslate_redstone_ore":83,"minecraft:blackstone":1,"minecraft:medium_amethyst_bud":4,"wildberries:blueberry_bush_stage_3":4,"minecraft:calcite":366,"minecraft:poppy":1,"minecraft:chest":7,"supplementaries:wild_flax":3,"farmersdelight:brown_mushroom_colony":2,"create:brass_casing":6,"minecraft:nether_quartz_ore":182,"minecraft:cobblestone":243,"minecraft:oak_planks":65,"minecraft:wall_torch":3,"minecraft:deepslate_copper_ore":31,"create:large_water_wheel":4,"minecraft:pink_petals":147,"minecraft:seagrass":2,"minecraft:warped_nylium":1,"farmersdelight:sandy_shrub":5,"minecraft:warped_planks":72,"minecraft:birch_log":112,"create:spout":1,"minecraft:oak_log":1157,"minecraft:sand":16,"minecraft:dirt":829,"minecraft:tripwire_hook":1,"minecraft:netherrack":229,"minecraft:oak_leaves":43,"framedblocks:framed_slab":7,"minecraft:tuff":109,"farmersdelight:onions":310,"minecraft:deepslate_diamond_ore":20,"minecraft:lever":4,"create:large_cogwheel":2,"minecraft:spruce_leaves":20,"minecraft:sandstone":3,"minecraft:hay_block":62,"minecraft:oak_trapdoor":3,"minecraft:spruce_sapling":54,"minecraft:furnace":2,"minecraft:carrots":268,"miners_delight:gossypium":1,"minecraft:nether_sprouts":1,"create:white_sail":6,"create:windmill_bearing":1,"minecraft:peony":8,"minecraft:bookshelf":26,"minecraft:deepslate_iron_ore":331,"minecraft:shroomlight":137,"minecraft:stripped_oak_log":12,"minecraft:stone":587,"minecraft:podzol":1,"hauntedharvest:carved_pumpkin":1,"minecraft:snow_block":3,"minecraft:basalt":5,"minecraft:oak_fence":17,"minecraft:crafting_table":18,"mysticaloaktree:wise_oak":2,"minecraft:rose_bush":17,"minecraft:lectern":255,"minecraft:lapis_ore":9,"supplementaries:cage":2,"supplementaries:urn":11,"minecraft:spruce_stairs":5,"farmersdelight:wild_beetroots":2,"minecraft:birch_planks":15,"minecraft:sweet_berry_bush":17,"minecraft:ice":7,"minecraft:bee_nest":1,"minecraft:yellow_bed":4,"farmersdelight:tatami":6,"minecraft:coal_ore":595,"minecraft:warped_slab":221,"paraglider:goddess_statue":1},"minecraft:used":{"create:deployer":21,"minecraft:spruce_slab":229,"farmersdelight:cabbage_seeds":311,"sophisticatedbackpacks:copper_backpack":2,"minecraft:ladder":6,"minecraft:chest":47,"minecraft:rotten_flesh":2,"create:fluid_tank":20,"minecraft:soul_sand":1,"create:white_sail":30,"create:mechanical_crafter":22,"create:depot":4,"minecraft:snowball":34,"minecraft:spruce_boat":10,"minecraft:lava_bucket":44,"minecraft:grass_block":1,"create:rotation_speed_controller":9,"minecraft:bow":10,"create:shaft":84,"minecraft:sweet_berries":3,"create:steam_engine":8,"minecraft:oak_sapling":23,"minecraft:furnace":4,"minecraft:egg":1,"farmersdelight:hamburger":27,"minecraft:wooden_pickaxe":40,"minecraft:composter":1,"minecraft:oak_leaves":1,"create:spout":1,"minecraft:golden_apple":1,"minecraft:sand":7,"farmersdelight:tatami":14,"minecraft:blast_furnace":1,"framedblocks:framing_saw":1,"minecraft:lectern":259,"minecraft:oak_pressure_plate":1,"wildberries:blueberries":6,"minecraft:diamond_sword":262,"create:basin":3,"minecraft:smithing_table":1,"minecraft:birch_log":6,"minecraft:oak_boat":9,"miners_delight:gossypium":3,"vinery:apple_log":2,"minecraft:oak_trapdoor":25,"minecraft:stone_sword":120,"minecraft:enchanting_table":4,"framedblocks:framed_slab":190,"minecraft:light_gray_carpet":1,"minecraft:netherrack":103,"minecraft:torch":96,"minecraft:warped_wart_block":109,"minecraft:anvil":1,"tombstone:decorative_tombstone":1,"minecraft:oak_fence_gate":2,"create:wrench":284,"create:gearbox":24,"minecraft:iron_axe":1040,"minecraft:barrel":9,"minecraft:smooth_basalt":6,"minecraft:basalt":2,"minecraft:tripwire_hook":2,"minecraft:warped_stairs":469,"minecraft:beef":1,"farmersdelight:tomato_seeds":230,"tombstone:gift":8,"create:fluid_pipe":30,"comforts:sleeping_bag_white":118,"minecraft:cobbled_deepslate":347,"create:belt_connector":34,"minecraft:pointed_dripstone":6,"minecraft:calcite":79,"minecraft:wheat_seeds":1090,"minecraft:water_bucket":214,"farmersdelight:iron_knife":342,"minecraft:warped_stem":5,"minecraft:birch_planks":15,"minecraft:cherry_planks":14,"minecraft:cauldron":4,"minecraft:fletching_table":9,"create:blaze_burner":13,"minecraft:crafting_table":35,"minecraft:oak_slab":1,"minecraft:white_bed":10,"minecraft:campfire":3,"minecraft:cod":5,"minecraft:spruce_log":28,"minecraft:oak_log":689,"minecraft:diamond_pickaxe":6983,"minecraft:diamond_shovel":2086,"vinery:rotten_cherry":5,"minecraft:sunflower":10,"minecraft:iron_pickaxe":2010,"minecraft:spruce_trapdoor":53,"minecraft:spruce_sapling":24,"minecraft:cobblestone":204,"create_sa:portable_drill":2,"vinery:cherry":2,"minecraft:cooked_porkchop":3,"vinery:apple_tree_sapling":5,"minecraft:stripped_oak_log":11,"minecraft:kelp":30,"minecraft:dandelion":5,"minecraft:oak_sign":2,"create:portable_storage_interface":3,"minecraft:shield":19,"minecraft:iron_sword":240,"minecraft:grass":1,"create:mechanical_bearing":1,"create:cogwheel":24,"minecraft:carrot":5470,"minecraft:beehive":1,"minecraft:obsidian":11,"minecraft:glass":347,"minecraft:lantern":16,"create:millstone":2,"mysticaloaktree:wise_oak":1,"farmersdelight:cutting_board":1,"create:crushing_wheel":9,"minecraft:stone_pickaxe":306,"minecraft:oak_planks":280,"minecraft:sandstone":3,"minecraft:sugar_cane":46,"minecraft:diamond_axe":7432,"create:mechanical_saw":8,"minecraft:white_wool":1,"farmersdelight:cod_roll":1,"minecraft:shears":4,"vinery:grass_slab":6,"minecraft:lever":9,"minecraft:string":9,"minecraft:bread":12,"minecraft:warped_slab":739,"tombstone:grave_key":9,"create:andesite_casing":1,"create:asurine":1,"minecraft:gravel":85,"minecraft:grindstone":1,"minecraft:andesite":89,"create:vertical_gearbox":10,"minecraft:bone_meal":1219,"create:large_cogwheel":15,"minecraft:oak_fence":123,"storagedrawers:oak_full_drawers_1":18,"minecraft:rose_bush":1,"minecraft:flint_and_steel":2,"minecraft:stone_shovel":215,"minecraft:spruce_planks":62,"farmersdelight:rich_soil":2,"minecraft:stone_hoe":929,"create:mechanical_pump":4,"minecraft:dirt":1563,"minecraft:white_carpet":1,"create:mechanical_mixer":5,"minecraft:hopper":8,"minecraft:spruce_stairs":76,"minecraft:bee_nest":1,"minecraft:spruce_fence":13,"minecraft:wooden_axe":66,"framedblocks:framed_vertical_double_half_stairs":34,"minecraft:bookshelf":26,"minecraft:oak_stairs":7,"create:hose_pulley":2,"minecraft:cherry_trapdoor":57,"minecraft:golden_carrot":38,"alexsmobs:hummingbird_feeder":15,"minecraft:cooked_beef":44,"create:gearshift":11,"minecraft:cooked_mutton":4,"wildberries:blackberry":1,"minecraft:amethyst_block":22,"create:empty_blaze_burner":2,"minecraft:brown_mushroom":4,"minecraft:stonecutter":1,"minecraft:warped_roots":1,"farmersdelight:onion":888,"minecraft:warped_planks":574,"minecraft:smoker":8,"create:linear_chassis":15,"minecraft:apple":219,"supplementaries:cage":14,"create:mechanical_press":6,"create:windmill_bearing":2,"minecraft:chicken":1,"create:large_water_wheel":24,"minecraft:pink_petals":152,"minecraft:cobbled_deepslate_slab":3,"minecraft:bucket":261,"minecraft:yellow_bed":4,"create:hand_crank":8},"minecraft:killed_by":{"minecraft:zombie_villager":1,"minecraft:pillager":1,"minecraft:zombie":4,"alexsmobs:tiger":1,"minecraft:wither_skeleton":3,"minecraft:creeper":2,"minecraft:spider":1,"minecraft:enderman":1,"alexsmobs:gelada_monkey":1,"minecraft:skeleton":4},"minecraft:crafted":{"minecraft:smooth_stone":3,"minecraft:chainmail_helmet":8,"minecraft:oak_sign":3,"sophisticatedbackpacks:anvil_upgrade":1,"minecraft:diamond_shovel":4,"minecraft:lever":5,"minecraft:bookshelf":28,"minecraft:cooked_mutton":4,"minecraft:iron_bars":16,"minecraft:glass":735,"create:rotation_speed_controller":4,"minecraft:diamond_helmet":1,"minecraft:diamond_leggings":1,"create:mechanical_press":1,"minecraft:dried_kelp_block":22,"create:cogwheel":304,"minecraft:warped_stairs":440,"minecraft:glass_bottle":33,"create:rose_quartz":27,"minecraft:emerald":1395,"create_sa:large_filling_tank":6,"minecraft:cooked_porkchop":3,"minecraft:diamond_axe":1,"farmersdelight:iron_knife":4,"create_sa:brass_pickaxe":1,"supplementaries:cage":8,"storagedrawers:oak_full_drawers_1":16,"minecraft:smithing_table":1,"minecraft:copper_ingot":704,"minecraft:fletching_table":5,"minecraft:campfire":2,"minecraft:polished_deepslate_slab":2,"create:mechanical_mixer":1,"farmersdelight:beef_patty":320,"create:gearbox":11,"create:encased_fan":2,"minecraft:lectern":4,"minecraft:stone_slab":2,"vinery:grass_slab":6,"minecraft:iron_pickaxe":9,"minecraft:iron_block":104,"minecraft:gold_ingot":86,"create:large_cogwheel":119,"create:propeller":18,"minecraft:composter":1,"storagedrawers:upgrade_template":4,"minecraft:stone_shovel":12,"create:wrench":1,"minecraft:iron_nugget":2175,"create:white_sail":26,"comforts:sleeping_bag_white":1,"minecraft:bone_meal":1047,"minecraft:spruce_fence":18,"storagedrawers:emerald_storage_upgrade":4,"minecraft:cherry_trapdoor":48,"minecraft:lantern":52,"minecraft:spruce_stairs":92,"minecraft:ladder":6,"minecraft:spruce_slab":342,"minecraft:stone_pickaxe":4,"minecraft:diamond_boots":1,"minecraft:spruce_boat":1,"create:hose_pulley":1,"create:electron_tube":27,"create:belt_connector":26,"create:windmill_bearing":1,"minecraft:wheat":558,"minecraft:coal_block":57,"farmersdelight:hamburger":106,"minecraft:enchanting_table":1,"minecraft:dried_kelp":361,"create:dough":2,"create:goggles":1,"create_sa:small_filling_tank":7,"sophisticatedbackpacks:gold_backpack":1,"framedblocks:framed_vertical_double_half_stairs":39,"create:andesite_alloy_block":64,"minecraft:enchanted_book":15,"minecraft:oak_fence_gate":2,"create:mechanical_arm":1,"alexsmobs:hummingbird_feeder":16,"minecraft:chainmail_boots":12,"minecraft:wooden_axe":1,"framedblocks:framed_slab":165,"minecraft:iron_shovel":3,"minecraft:iron_leggings":1,"minecraft:white_bed":3,"create:shaft":376,"create_sa:brass_drill_head":1,"minecraft:grindstone":1,"minecraft:oak_planks":22744,"minecraft:barrel":157,"farmersdelight:canvas":8,"toolbelt:pouch":1,"minecraft:stone":47,"tombstone:decorative_tombstone":1,"create_sa:portable_drill":1,"create:mechanical_bearing":1,"create:deployer":12,"minecraft:warped_planks":1728,"minecraft:green_dye":27,"minecraft:hopper":8,"minecraft:iron_boots":1,"minecraft:bow":14,"tombstone:grave_key":11,"minecraft:chest":70,"create:spout":1,"minecraft:copper_block":13,"framedblocks:framing_saw":1,"minecraft:stone_hoe":8,"minecraft:oak_fence":123,"create:brass_hand":12,"minecraft:raw_iron_block":27,"minecraft:smoker":6,"farmersdelight:tomato_seeds":222,"minecraft:oak_slab":630,"create:depot":3,"sophisticatedbackpacks:backpack":1,"minecraft:crafting_table":28,"minecraft:spruce_planks":880,"create:mechanical_saw":4,"create:fluid_pipe":56,"minecraft:wooden_pickaxe":2,"minecraft:iron_helmet":1,"create:sand_paper":6,"minecraft:birch_planks":360,"create:gearshift":3,"sophisticatedbackpacks:upgrade_base":1,"farmersdelight:tatami":8,"farmersdelight:cutting_board":1,"minecraft:spruce_trapdoor":90,"minecraft:iron_chestplate":1,"minecraft:book":16,"minecraft:paper":66,"minecraft:diamond_pickaxe":5,"create:water_wheel":13,"minecraft:shield":1,"create:super_glue":1,"create:portable_storage_interface":2,"minecraft:stick":39627,"minecraft:warped_slab":642,"create:mechanical_pump":3,"minecraft:iron_ingot":1662,"minecraft:stone_sword":1,"create_sa:medium_filling_tank":6,"minecraft:shears":2,"create:empty_blaze_burner":10,"create:chute":8,"minecraft:cherry_planks":164,"create_sa:large_fueling_tank":1,"minecraft:cobbled_deepslate_slab":6,"toolbelt:belt":1,"minecraft:raw_iron":252,"minecraft:coal":270,"minecraft:tripwire_hook":2,"create:steam_engine":12,"minecraft:beehive":1,"minecraft:furnace":9,"minecraft:blast_furnace":1,"create_sa:medium_fueling_tank":1,"minecraft:oak_trapdoor":88,"minecraft:flint_and_steel":2,"minecraft:polished_deepslate":4,"minecraft:iron_axe":7,"minecraft:slime_ball":2,"create:millstone":1,"minecraft:lime_dye":2,"create:fluid_tank":77,"create:basin":1,"sophisticatedbackpacks:iron_backpack":1,"minecraft:cooked_beef":32,"minecraft:sugar":14,"paraglider:paraglider":1,"minecraft:cooked_cod":27,"create:andesite_alloy":887,"create:hand_crank":2,"minecraft:diamond_sword":5,"create:large_water_wheel":13,"minecraft:bucket":4,"minecraft:air":0,"minecraft:bread":106,"minecraft:oak_boat":3,"create:whisk":1,"minecraft:white_wool":5,"framedblocks:framed_cube":160,"minecraft:white_dye":1,"create:linear_chassis":15,"create:mechanical_crafter":24,"tombstone:dark_marble":10,"minecraft:anvil":3,"create_sa:small_fueling_tank":1,"minecraft:torch":168,"create:zinc_ingot":80,"minecraft:diamond_chestplate":1}},"DataVersion":3465}