{"stats":{"minecraft:dropped":{"minecraft:cooked_beef":1,"minecraft:snowball":34,"farmersdelight:onion":2,"minecraft:iron_pickaxe":1,"minecraft:gold_ingot":14,"minecraft:bone":13,"minecraft:gravel":2,"minecraft:iron_nugget":18,"minecraft:cobbled_deepslate":5,"minecraft:wheat":281,"minecraft:rotten_flesh":18,"minecraft:carrot":379,"supplementaries:ash":17,"minecraft:chainmail_boots":14,"create:brass_ingot":29,"minecraft:arrow":11,"farmersdelight:tomato_seeds":4,"minecraft:iron_ingot":46,"minecraft:wheat_seeds":14,"minecraft:mossy_cobblestone":64,"minecraft:granite":3,"minecraft:copper_ingot":30,"minecraft:chainmail_helmet":14,"minecraft:golden_apple":1,"minecraft:diamond_horse_armor":1,"minecraft:diorite":5,"minecraft:rose_bush":47,"tombstone:grave_dust":2,"minecraft:string":10,"create:raw_zinc":22,"minecraft:smooth_basalt":2,"minecraft:raw_copper":28,"minecraft:tuff":105,"farmersdelight:straw":2,"minecraft:pumpkin_seeds":2,"minecraft:diamond_sword":1,"minecraft:flint_and_steel":1,"minecraft:filled_map":1,"minecraft:allium":4,"create:zinc_ingot":30,"minecraft:bundle":1,"minecraft:stone_pickaxe":1,"minecraft:wooden_pickaxe":1,"minecraft:calcite":192},"minecraft:picked_up":{"minecraft:wheat":4,"minecraft:chainmail_boots":7,"minecraft:diamond_sword":1,"minecraft:oak_stairs":7,"minecraft:amethyst_block":58,"paraglider:goddess_statue":1,"minecraft:string":36,"wildberries:raspberry":6,"minecraft:raw_copper":14,"minecraft:iron_leggings":1,"moyai:moyai":2,"minecraft:shroomlight":2,"create:mechanical_press":3,"minecraft:cobbled_deepslate":1081,"comforts:sleeping_bag_white":23,"minecraft:rose_bush":49,"minecraft:calcite":419,"minecraft:iron_pickaxe":1,"minecraft:furnace":2,"minecraft:stick":234,"create:mechanical_mixer":2,"minecraft:oak_fence":1,"minecraft:torch":2,"create:andesite_casing":9,"minecraft:porkchop":20,"minecraft:cherry_log":56,"tombstone:grave_dust":12,"minecraft:diorite":10,"minecraft:warped_planks":4,"minecraft:cauldron":4,"create:large_cogwheel":1,"minecraft:rotten_flesh":32,"farmersdelight:onion":2,"supplementaries:antique_ink":2,"farmersdelight:rope":9,"hauntedharvest:carved_pumpkin":1,"supplementaries:ash":17,"minecraft:cod":1,"vinery:apple_log":12,"minecraft:snowball":68,"minecraft:cobblestone":416,"minecraft:birch_log":102,"minecraft:pink_petals":165,"minecraft:feather":2,"minecraft:cooked_beef":11,"minecraft:cherry_planks":14,"minecraft:andesite":75,"minecraft:smoker":2,"paraglider:spirit_orb":2,"minecraft:flint":8,"minecraft:tuff":16,"create:raw_zinc":22,"minecraft:dirt":701,"minecraft:name_tag":1,"minecraft:leather_boots":1,"minecraft:bone":199,"minecraft:bow":12,"minecraft:stonecutter":1,"minecraft:wheat_seeds":26,"minecraft:raw_gold":2,"minecraft:cobbled_deepslate_slab":1,"create:shaft":1,"minecraft:fletching_table":4,"minecraft:oak_planks":29,"create:cogwheel":1,"minecraft:warped_wart_block":170,"minecraft:oak_pressure_plate":1,"minecraft:sand":16,"farmersdelight:ham":3,"minecraft:mossy_cobblestone":128,"minecraft:bundle":6,"minecraft:spruce_boat":10,"minecraft:lever":2,"minecraft:granite":3,"minecraft:bone_meal":1,"minecraft:grass":1,"minecraft:golden_apple":2,"minecraft:chainmail_helmet":6,"minecraft:emerald":4,"minecraft:oak_sapling":252,"minecraft:netherrack":30,"create:white_sail":6,"minecraft:crafting_table":15,"minecraft:allium":4,"minecraft:chicken":1,"vinery:taiga_grapes_white":2,"minecraft:brown_mushroom":5,"minecraft:diamond_horse_armor":3,"minecraft:oak_trapdoor":2,"minecraft:flint_and_steel":1,"vinery:apple_tree_sapling":5,"minecraft:beef":50,"farmersdelight:straw":2,"minecraft:oak_boat":1,"vinery:cherry":5,"minecraft:iron_nugget":18,"supplementaries:cage":2,"minecraft:sugar_cane":43,"minecraft:chest":5,"minecraft:birch_sapling":26,"minecraft:egg":1,"minecraft:raw_iron":7,"minecraft:sandstone":3,"create:golden_sheet":4,"minecraft:bowl":1,"sophisticatedbackpacks:backpack":1,"create:windmill_bearing":1,"farmersdelight:tomato_seeds":6,"create:hand_crank":5,"minecraft:carrot":607,"minecraft:redstone":1,"minecraft:iron_horse_armor":1,"create:deployer":9,"minecraft:arrow":142,"minecraft:peony":7,"minecraft:hay_block":32,"tombstone:essence_of_undeath":1,"minecraft:gold_ingot":12,"sophisticatedbackpacks:copper_backpack":1,"minecraft:mutton":4,"minecraft:white_wool":21,"minecraft:stripped_oak_log":1,"create:iron_sheet":30,"create:brass_sheet":16,"minecraft:basalt":2,"vinery:rotten_cherry":5,"minecraft:glow_ink_sac":5,"minecraft:tripwire_hook":2,"minecraft:leather":41,"wildberries:blueberries":10,"minecraft:birch_planks":15,"minecraft:oak_log":484,"minecraft:gunpowder":7,"create:blaze_burner":1,"minecraft:apple":109,"minecraft:kelp":315,"minecraft:warped_stem":58,"minecraft:iron_ingot":16,"tombstone:bag_of_seeds":2,"minecraft:soul_sand":1,"create:mechanical_saw":4,"minecraft:oak_slab":1,"minecraft:smooth_basalt":105,"create:large_water_wheel":1,"minecraft:pumpkin":14,"minecraft:sweet_berries":31,"minecraft:dandelion":1,"minecraft:gravel":83,"minecraft:amethyst_shard":72,"minecraft:spruce_sapling":14,"minecraft:white_bed":5,"minecraft:spruce_log":49,"artifacts:scarf_of_invisibility":1,"create:millstone":2,"minecraft:pumpkin_seeds":4,"create:brass_ingot":13,"hauntedharvest:rotten_apple":7,"minecraft:cherry_sapling":44,"tombstone:magic_scroll":3,"minecraft:melon_seeds":4,"minecraft:coal":38,"minecraft:sunflower":6},"minecraft:broken":{"minecraft:iron_sword":1,"minecraft:wooden_axe":1,"minecraft:stone_shovel":1,"minecraft:iron_axe":3,"minecraft:iron_pickaxe":7,"minecraft:iron_helmet":1,"create:sand_paper":1},"minecraft:killed":{"minecraft:witch":1,"minecraft:spider":4,"minecraft:skeleton":157,"alexsmobs:straddler":1,"artifacts:mimic":1,"minecraft:pig":11,"minecraft:creeper":3,"minecraft:sheep":3,"minecraft:zombie":24,"minecraft:glow_squid":1,"minecraft:cow":26,"minecraft:wither_skeleton":4},"minecraft:custom":{"minecraft:interact_with_crafting_table":221,"goblintraders:trade_with_goblin":233,"minecraft:bell_ring":829,"minecraft:leave_game":4,"minecraft:time_since_death":149473,"minecraft:sprint_one_cm":1381276,"minecraft:damage_blocked_by_shield":1110,"minecraft:drop":151,"minecraft:talked_to_villager":92,"minecraft:play_time":654763,"minecraft:deaths":19,"minecraft:jump":9550,"minecraft:walk_on_water_one_cm":114923,"minecraft:interact_with_furnace":32,"minecraft:traded_with_villager":333,"minecraft:sleep_in_bed":36,"minecraft:damage_dealt":16875,"minecraft:crouch_one_cm":54336,"tombstone:undead_killed":185,"minecraft:interact_with_smoker":11,"minecraft:interact_with_smithing_table":1,"minecraft:interact_with_anvil":53,"minecraft:mob_kills":239,"minecraft:damage_dealt_resisted":171,"minecraft:climb_one_cm":6477,"minecraft:walk_one_cm":1289303,"minecraft:damage_dealt_absorbed":74,"minecraft:sneak_time":16862,"minecraft:walk_under_water_one_cm":82253,"minecraft:total_world_time":654763,"tombstone:raider_killed":1,"minecraft:interact_with_stonecutter":2,"minecraft:time_since_rest":7010,"minecraft:damage_taken":10175,"minecraft:swim_one_cm":110925,"minecraft:fly_one_cm":1583496,"minecraft:open_chest":363,"minecraft:fall_one_cm":250110},"minecraft:mined":{"minecraft:large_amethyst_bud":6,"create:deepslate_zinc_ore":35,"minecraft:white_bed":5,"minecraft:oak_sapling":1,"create:andesite_casing":9,"minecraft:cherry_log":58,"minecraft:granite":3,"minecraft:budding_amethyst":4,"moyai:moyai":2,"minecraft:grass_block":396,"wildberries:raspberry_bush_stage_3":2,"minecraft:oak_pressure_plate":1,"minecraft:spawner":1,"vinery:apple_log":12,"comforts:sleeping_bag_white":1,"minecraft:tall_seagrass":1,"minecraft:iron_ore":156,"minecraft:cobbled_deepslate":79,"minecraft:pumpkin":14,"minecraft:deepslate_lapis_ore":5,"minecraft:fletching_table":4,"supplementaries:stick":3,"minecraft:water_cauldron":4,"minecraft:dirt_path":5,"minecraft:small_amethyst_bud":1,"minecraft:oak_stairs":7,"create:mechanical_press":3,"minecraft:tripwire":3,"minecraft:deepslate_redstone_ore":22,"create:cogwheel":1,"minecraft:brown_mushroom":5,"minecraft:kelp_plant":51,"minecraft:medium_amethyst_bud":4,"minecraft:smoker":2,"minecraft:amethyst_cluster":17,"minecraft:powder_snow":91,"minecraft:torch":1,"wildberries:blueberry_bush_stage_3":4,"minecraft:calcite":357,"minecraft:chest":5,"minecraft:nether_quartz_ore":51,"minecraft:cobblestone":180,"minecraft:oak_planks":21,"minecraft:sugar_cane":18,"wildberries:blackberry_bush_stage_3":1,"minecraft:wall_torch":1,"minecraft:amethyst_block":59,"create:large_water_wheel":1,"minecraft:pink_petals":29,"minecraft:seagrass":2,"minecraft:warped_planks":5,"minecraft:birch_log":105,"minecraft:wheat":2,"create:mechanical_mixer":2,"minecraft:grass":140,"minecraft:oak_log":494,"create:hand_crank":3,"minecraft:sand":16,"minecraft:dirt":272,"minecraft:smooth_basalt":104,"minecraft:tripwire_hook":1,"minecraft:stonecutter":1,"minecraft:netherrack":31,"minecraft:oak_leaves":13,"minecraft:deepslate":997,"create:zinc_ore":99,"minecraft:tuff":106,"create:millstone":2,"minecraft:mossy_cobblestone":64,"minecraft:deepslate_diamond_ore":11,"farmersdelight:wild_carrots":2,"minecraft:lever":1,"minecraft:cobbled_deepslate_slab":1,"minecraft:allium":1,"create:large_cogwheel":1,"minecraft:spruce_leaves":20,"minecraft:kelp":5,"minecraft:sandstone":3,"minecraft:hay_block":32,"farmersdelight:wild_onions":1,"minecraft:redstone_ore":7,"create:shaft":1,"minecraft:oak_trapdoor":2,"minecraft:furnace":2,"minecraft:carrots":161,"minecraft:snow":1,"create:white_sail":6,"minecraft:andesite":912,"create:windmill_bearing":1,"minecraft:peony":8,"minecraft:shroomlight":3,"minecraft:deepslate_iron_ore":33,"minecraft:warped_stem":61,"minecraft:stripped_oak_log":1,"create:deployer":9,"minecraft:stone":230,"minecraft:white_wool":1,"minecraft:oak_slab":1,"hauntedharvest:carved_pumpkin":1,"minecraft:cherry_planks":14,"minecraft:soul_sand":1,"minecraft:snow_block":3,"minecraft:dandelion":2,"minecraft:oak_fence":2,"minecraft:crafting_table":15,"minecraft:rose_bush":17,"minecraft:copper_ore":48,"minecraft:tall_grass":23,"minecraft:diorite":5,"supplementaries:cage":2,"minecraft:warped_wart_block":246,"supplementaries:urn":11,"create:mechanical_saw":4,"minecraft:birch_planks":15,"create:blaze_burner":1,"minecraft:ice":7,"minecraft:spruce_log":49,"minecraft:birch_leaves":3,"minecraft:coal_ore":453,"minecraft:sunflower":8,"minecraft:gravel":89,"minecraft:cobweb":15,"minecraft:gold_ore":11,"paraglider:goddess_statue":1},"minecraft:used":{"create:deployer":13,"sophisticatedbackpacks:copper_backpack":1,"minecraft:oak_sign":2,"minecraft:chest":21,"minecraft:shield":19,"minecraft:iron_sword":240,"minecraft:grass":1,"create:mechanical_bearing":1,"minecraft:soul_sand":1,"create:white_sail":30,"create:cogwheel":3,"minecraft:carrot":4966,"minecraft:snowball":34,"minecraft:spruce_boat":10,"minecraft:lava_bucket":13,"create:millstone":2,"minecraft:bow":10,"create:shaft":1,"minecraft:furnace":3,"minecraft:oak_planks":161,"minecraft:stone_pickaxe":306,"minecraft:wooden_pickaxe":38,"minecraft:sandstone":3,"minecraft:diamond_axe":194,"create:mechanical_saw":8,"minecraft:white_wool":1,"minecraft:golden_apple":1,"minecraft:sand":7,"minecraft:blast_furnace":1,"farmersdelight:cod_roll":1,"minecraft:shears":3,"minecraft:lever":2,"minecraft:string":9,"tombstone:grave_key":6,"minecraft:oak_pressure_plate":1,"create:andesite_casing":1,"minecraft:gravel":79,"wildberries:blueberries":6,"minecraft:diamond_sword":10,"create:basin":1,"minecraft:grindstone":1,"minecraft:smithing_table":1,"minecraft:andesite":5,"minecraft:birch_log":6,"minecraft:oak_boat":1,"minecraft:bone_meal":440,"create:large_cogwheel":2,"minecraft:oak_fence":1,"vinery:apple_log":2,"minecraft:oak_trapdoor":2,"minecraft:rose_bush":1,"minecraft:stone_sword":120,"minecraft:flint_and_steel":1,"minecraft:stone_shovel":215,"minecraft:stone_hoe":2,"minecraft:netherrack":23,"minecraft:torch":19,"minecraft:dirt":619,"minecraft:warped_wart_block":44,"minecraft:anvil":1,"create:mechanical_mixer":3,"minecraft:hopper":2,"minecraft:wooden_axe":66,"create:gearbox":1,"create:wrench":69,"minecraft:iron_axe":1040,"minecraft:oak_stairs":7,"minecraft:smooth_basalt":6,"minecraft:tripwire_hook":2,"minecraft:golden_carrot":38,"minecraft:beef":1,"tombstone:gift":4,"comforts:sleeping_bag_white":23,"minecraft:cooked_beef":14,"minecraft:cobbled_deepslate":317,"minecraft:wheat_seeds":3,"farmersdelight:iron_knife":37,"minecraft:water_bucket":43,"minecraft:birch_planks":15,"minecraft:cherry_planks":14,"minecraft:fletching_table":7,"minecraft:stonecutter":1,"create:blaze_burner":2,"minecraft:oak_slab":1,"minecraft:crafting_table":22,"minecraft:white_bed":8,"minecraft:cod":1,"minecraft:warped_planks":196,"minecraft:smoker":3,"minecraft:oak_log":8,"create:linear_chassis":15,"minecraft:diamond_pickaxe":1823,"supplementaries:cage":8,"minecraft:apple":85,"minecraft:diamond_shovel":375,"create:mechanical_press":3,"vinery:rotten_cherry":5,"create:windmill_bearing":2,"minecraft:chicken":1,"minecraft:iron_pickaxe":2010,"create:large_water_wheel":2,"minecraft:pink_petals":66,"minecraft:cobblestone":93,"minecraft:cobbled_deepslate_slab":3,"vinery:cherry":2,"minecraft:cooked_porkchop":3,"minecraft:bucket":59,"vinery:apple_tree_sapling":5,"create:hand_crank":5,"minecraft:kelp":30,"minecraft:dandelion":1},"minecraft:killed_by":{"minecraft:zombie_villager":1,"minecraft:wither_skeleton":1,"minecraft:creeper":1,"minecraft:zombie":3,"minecraft:spider":1,"minecraft:enderman":1,"alexsmobs:gelada_monkey":1,"alexsmobs:tiger":1,"minecraft:skeleton":4},"minecraft:crafted":{"minecraft:grindstone":1,"minecraft:smooth_stone":3,"minecraft:oak_planks":3596,"minecraft:chainmail_helmet":8,"minecraft:oak_sign":3,"minecraft:stone":7,"minecraft:lever":1,"minecraft:diamond_shovel":1,"create:mechanical_bearing":1,"create:deployer":4,"minecraft:cooked_mutton":4,"minecraft:iron_bars":16,"minecraft:warped_planks":192,"minecraft:hopper":2,"minecraft:glass":3,"minecraft:diamond_helmet":1,"minecraft:diamond_leggings":1,"minecraft:bow":2,"minecraft:iron_boots":1,"create:mechanical_press":1,"tombstone:grave_key":7,"minecraft:chest":19,"minecraft:stone_hoe":1,"create:cogwheel":17,"create:brass_hand":4,"minecraft:smoker":1,"minecraft:oak_slab":6,"minecraft:emerald":286,"create:rose_quartz":8,"sophisticatedbackpacks:backpack":1,"minecraft:cooked_porkchop":3,"minecraft:diamond_axe":1,"minecraft:crafting_table":9,"minecraft:spruce_planks":180,"create:mechanical_saw":4,"minecraft:wooden_pickaxe":1,"minecraft:iron_helmet":1,"supplementaries:cage":8,"minecraft:smithing_table":1,"minecraft:copper_ingot":162,"create:sand_paper":6,"minecraft:fletching_table":3,"minecraft:birch_planks":360,"minecraft:polished_deepslate_slab":2,"create:mechanical_mixer":1,"create:gearbox":1,"minecraft:iron_chestplate":1,"minecraft:paper":6,"minecraft:diamond_pickaxe":5,"create:water_wheel":1,"minecraft:shield":1,"create:super_glue":1,"minecraft:stick":7374,"minecraft:stone_slab":2,"minecraft:iron_ingot":354,"minecraft:iron_pickaxe":9,"minecraft:iron_block":4,"minecraft:stone_sword":1,"minecraft:gold_ingot":8,"create:large_cogwheel":1,"minecraft:shears":2,"create:empty_blaze_burner":1,"minecraft:cherry_planks":8,"minecraft:cobbled_deepslate_slab":6,"toolbelt:belt":1,"minecraft:stone_shovel":12,"minecraft:coal":270,"minecraft:tripwire_hook":2,"create:wrench":1,"minecraft:iron_nugget":648,"create:white_sail":26,"comforts:sleeping_bag_white":1,"minecraft:furnace":3,"minecraft:blast_furnace":1,"minecraft:bone_meal":453,"minecraft:oak_trapdoor":2,"minecraft:flint_and_steel":1,"minecraft:polished_deepslate":4,"minecraft:iron_axe":7,"minecraft:slime_ball":2,"minecraft:spruce_slab":30,"create:millstone":1,"minecraft:lime_dye":2,"minecraft:stone_pickaxe":4,"minecraft:diamond_boots":1,"minecraft:spruce_boat":1,"create:basin":1,"create:electron_tube":8,"create:windmill_bearing":1,"minecraft:wheat":279,"sophisticatedbackpacks:iron_backpack":1,"minecraft:cooked_beef":4,"minecraft:coal_block":52,"paraglider:paraglider":1,"create:andesite_alloy":220,"create:hand_crank":1,"minecraft:diamond_sword":1,"create:dough":2,"create:goggles":1,"create:large_water_wheel":1,"sophisticatedbackpacks:gold_backpack":1,"minecraft:bucket":2,"minecraft:air":0,"minecraft:oak_boat":1,"create:whisk":1,"minecraft:white_wool":5,"minecraft:white_dye":1,"create:linear_chassis":15,"minecraft:chainmail_boots":12,"minecraft:wooden_axe":1,"minecraft:iron_shovel":3,"minecraft:iron_leggings":1,"minecraft:anvil":1,"minecraft:white_bed":3,"create:shaft":24,"minecraft:torch":132,"create:zinc_ingot":80,"minecraft:diamond_chestplate":1}},"DataVersion":3465}