{"stats":{"minecraft:dropped":{"minecraft:lapis_lazuli":158,"minecraft:cooked_beef":1,"minecraft:glow_ink_sac":158,"minecraft:warped_roots":18,"create:incomplete_precision_mechanism":1,"minecraft:dirt":4,"miners_delight:gossypium":1,"minecraft:sugar":65,"minecraft:iron_pickaxe":1,"minecraft:bone":13,"minecraft:iron_nugget":18,"minecraft:cobbled_deepslate":19,"minecraft:wheat":281,"minecraft:birch_sapling":1,"minecraft:obsidian":218,"minecraft:rotten_flesh":72,"minecraft:warped_wart_block":401,"minecraft:egg":52,"farmersdelight:tomato_seeds":4,"minecraft:iron_ingot":105,"minecraft:wheat_seeds":21,"minecraft:dripstone_block":10,"minecraft:cobblestone":6,"minecraft:apple":9,"minecraft:granite":7,"minecraft:chainmail_helmet":14,"minecraft:golden_apple":1,"minecraft:lava_bucket":4,"minecraft:diamond_horse_armor":1,"minecraft:rose_bush":47,"minecraft:string":10,"create:raw_zinc":22,"minecraft:moss_carpet":1,"create:ochrum":3,"minecraft:experience_bottle":2,"farmersdelight:straw":2,"minecraft:pumpkin_seeds":2,"minecraft:diamond_sword":1,"minecraft:allium":4,"create:zinc_ingot":172,"minecraft:bundle":1,"minecraft:bow":1,"minecraft:oak_log":2,"tombstone:bag_of_seeds":3,"create:brass_sheet":3,"minecraft:snowball":34,"farmersdelight:onion":109,"minecraft:gold_ingot":18,"minecraft:gravel":39,"minecraft:blackstone":40,"minecraft:carrot":670,"supplementaries:ash":23,"minecraft:gunpowder":3,"minecraft:chainmail_boots":14,"create:brass_ingot":43,"minecraft:basalt":110,"minecraft:arrow":14,"minecraft:oak_leaves":1,"minecraft:netherrack":1647,"minecraft:mossy_cobblestone":64,"minecraft:copper_ingot":458,"create:cinder_flour":100,"minecraft:iron_block":7,"minecraft:diorite":10,"tombstone:grave_dust":6,"minecraft:bucket":23,"minecraft:smooth_basalt":2,"minecraft:redstone":17,"minecraft:raw_copper":28,"minecraft:tuff":111,"farmersdelight:cabbage_seeds":4,"minecraft:flint_and_steel":1,"minecraft:filled_map":1,"minecraft:andesite":1225,"minecraft:diamond_boots":1,"minecraft:stone_pickaxe":1,"minecraft:wooden_pickaxe":3,"minecraft:calcite":192,"create:golden_sheet":19},"minecraft:picked_up":{"minecraft:chainmail_boots":7,"minecraft:anvil":1,"create:spout":1,"minecraft:lead":17,"minecraft:diamond_sword":1,"minecraft:oak_stairs":7,"minecraft:amethyst_block":85,"paraglider:goddess_statue":1,"minecraft:string":43,"wildberries:raspberry":15,"moyai:moyai":10,"create:unprocessed_obsidian_sheet":16,"minecraft:shroomlight":133,"minecraft:cobbled_deepslate":1276,"minecraft:spruce_planks":10,"minecraft:warped_slab":239,"minecraft:golden_helmet":1,"minecraft:big_dripleaf":2,"create:andesite_casing":21,"minecraft:cherry_log":223,"minecraft:warped_planks":67,"minecraft:cauldron":4,"create:copper_casing":9,"farmersdelight:onion":1784,"create:ochrum":3,"minecraft:red_tulip":1,"minecraft:iron_block":7,"farmersdelight:rope":9,"minecraft:bookshelf":2,"hauntedharvest:carved_pumpkin":1,"supplementaries:quiver":3,"supplementaries:ash":23,"minecraft:snowball":68,"minecraft:birch_log":109,"minecraft:feather":11,"minecraft:cooked_beef":19,"farmersdelight:rice":4,"minecraft:smoker":3,"minecraft:flint":21,"create:cinder_flour":528,"farmersdelight:tomato":602,"artifacts:shock_pendant":1,"minecraft:twisting_vines":24,"minecraft:stonecutter":1,"create:shaft":22,"minecraft:moss_block":1,"minecraft:honeycomb":3,"create:gearshift":4,"miners_delight:gossypium":3,"minecraft:warped_wart_block":2114,"minecraft:ink_sac":2,"minecraft:bundle":9,"minecraft:lever":7,"minecraft:granite":7,"minecraft:chainmail_helmet":7,"minecraft:light_gray_carpet":1,"minecraft:crafting_table":19,"minecraft:bee_nest":1,"vinery:taiga_grapes_white":2,"minecraft:golden_pickaxe":1,"minecraft:leather_leggings":1,"create:fluid_pipe":3,"minecraft:flint_and_steel":1,"mysticaloaktree:wise_oak":2,"minecraft:white_carpet":1,"minecraft:beef":217,"vinery:cherry":5,"minecraft:poppy":1,"minecraft:iron_nugget":46,"minecraft:spruce_slab":29,"minecraft:minecart":1,"minecraft:chest":7,"minecraft:birch_sapling":31,"create:clutch":1,"minecraft:egg":2,"minecraft:sandstone":3,"farmersdelight:minced_beef":334,"alexsmobs:straddlite":4,"sophisticatedbackpacks:backpack":1,"create_sa:brass_jetpack_chestplate":1,"farmersdelight:tomato_seeds":6,"create:powdered_obsidian":90,"minecraft:carrot":986,"minecraft:redstone":49,"create:brass_casing":9,"create:vertical_gearbox":3,"minecraft:beetroot_seeds":3,"minecraft:peony":7,"minecraft:diamond_boots":1,"minecraft:hay_block":62,"tombstone:essence_of_undeath":2,"minecraft:gold_ingot":14,"sophisticatedbackpacks:copper_backpack":4,"minecraft:glow_berries":32,"minecraft:mutton":4,"minecraft:white_wool":21,"minecraft:rail":11,"minecraft:oxeye_daisy":1,"minecraft:stripped_oak_log":12,"create:iron_sheet":59,"create:brass_sheet":22,"vinery:rotten_cherry":5,"minecraft:tripwire_hook":2,"wildberries:blackberry":9,"minecraft:oak_log":1852,"minecraft:ancient_debris":3,"framedblocks:framed_slab":13,"create:crushing_wheel":6,"minecraft:apple":176,"minecraft:kelp":646,"minecraft:warped_stem":684,"tombstone:bag_of_seeds":10,"minecraft:flowering_azalea":2,"create:mechanical_saw":4,"minecraft:smooth_basalt":107,"minecraft:sweet_berries":74,"vinery:taiga_grape_seeds_red":2,"minecraft:gravel":158,"minecraft:spruce_sapling":148,"minecraft:spruce_log":460,"farmersdelight:cabbage_leaf":160,"create:gearbox":6,"minecraft:leather_helmet":1,"create:millstone":2,"hauntedharvest:rotten_apple":8,"create:mechanical_pump":2,"framedblocks:framed_vertical_double_half_stairs":34,"minecraft:warped_roots":42,"minecraft:melon_seeds":4,"minecraft:warped_nylium":1,"minecraft:ender_pearl":2,"minecraft:wheat":844,"minecraft:warped_stairs":96,"minecraft:raw_copper":204,"minecraft:iron_leggings":1,"minecraft:experience_bottle":2,"alexsmobs:blood_sac":4,"create:mechanical_press":4,"minecraft:bucket":3,"farmersdelight:cabbage":81,"comforts:sleeping_bag_white":133,"create:sturdy_sheet":1,"minecraft:rose_bush":49,"minecraft:calcite":428,"minecraft:azalea":4,"minecraft:iron_pickaxe":1,"farmersdelight:cabbage_seeds":315,"minecraft:furnace":2,"minecraft:stick":497,"create:mechanical_mixer":4,"farmersdelight:rotten_tomato":26,"minecraft:oak_fence":16,"tombstone:decorative_grave_original":1,"minecraft:torch":20,"minecraft:spruce_stairs":5,"minecraft:porkchop":20,"minecraft:pointed_dripstone":35,"tombstone:grave_dust":50,"minecraft:diorite":26,"create:large_cogwheel":15,"minecraft:rotten_flesh":88,"supplementaries:antique_ink":2,"create:asurine":1,"artifacts:panic_necklace":1,"minecraft:obsidian":297,"minecraft:cod":1,"vinery:apple_log":12,"minecraft:cobblestone":816,"minecraft:enchanting_table":3,"minecraft:pink_petals":1006,"minecraft:leather_chestplate":3,"minecraft:lilac":6,"minecraft:magma_cream":6,"minecraft:cherry_planks":14,"minecraft:andesite":232,"minecraft:golden_leggings":1,"paraglider:spirit_orb":4,"create:belt_connector":3,"minecraft:tuff":23,"create:raw_zinc":84,"supplementaries:flax_seeds":3,"create:incomplete_precision_mechanism":1,"minecraft:lapis_lazuli":27,"minecraft:dirt":2528,"minecraft:name_tag":1,"minecraft:leather_boots":3,"minecraft:glass":14,"minecraft:bone":552,"minecraft:raw_gold":18,"minecraft:bow":35,"minecraft:wheat_seeds":2475,"minecraft:cobbled_deepslate_slab":1,"minecraft:fletching_table":4,"minecraft:oak_planks":147,"vinery:taiga_grape_seeds_white":6,"create:cogwheel":9,"minecraft:oak_pressure_plate":1,"snowyspirit:sled_oak":1,"minecraft:sand":52,"minecraft:grass_block":9,"farmersdelight:ham":3,"minecraft:mossy_cobblestone":131,"minecraft:spruce_boat":10,"minecraft:grass":1,"minecraft:bone_meal":1,"minecraft:golden_apple":2,"minecraft:emerald":4,"minecraft:oak_sapling":622,"minecraft:netherrack":2712,"minecraft:oak_leaves":4,"create:white_sail":6,"minecraft:allium":39,"minecraft:chicken":1,"minecraft:brown_mushroom":19,"minecraft:wooden_pickaxe":1,"create:rotation_speed_controller":1,"minecraft:diamond_horse_armor":3,"alexsmobs:hummingbird_feeder":1,"minecraft:oak_trapdoor":4,"minecraft:moss_carpet":1,"miners_delight:cave_carrot":3,"tombstone:decorative_tombstone":1,"minecraft:blackstone":77,"vinery:apple_tree_sapling":5,"farmersdelight:straw":66,"minecraft:oak_boat":8,"create:basin":3,"minecraft:lectern":255,"supplementaries:cage":4,"minecraft:sugar_cane":266,"minecraft:spruce_trapdoor":10,"minecraft:cherry_trapdoor":17,"minecraft:raw_iron":90,"minecraft:copper_ingot":196,"create:golden_sheet":4,"minecraft:bowl":1,"create:windmill_bearing":1,"create:hand_crank":6,"minecraft:iron_horse_armor":1,"create:zinc_ingot":58,"create:deployer":12,"minecraft:arrow":510,"farmersdelight:rich_soil":2,"minecraft:basalt":154,"minecraft:glow_ink_sac":21,"minecraft:leather":174,"wildberries:blueberries":10,"minecraft:birch_planks":15,"minecraft:crimson_fungus":1,"minecraft:yellow_bed":4,"minecraft:gunpowder":11,"create:blaze_burner":4,"farmersdelight:tatami":6,"minecraft:iron_ingot":52,"storagedrawers:oak_full_drawers_1":3,"minecraft:soul_sand":1,"minecraft:book":84,"minecraft:oak_slab":7,"minecraft:warped_fungus":6,"create:large_water_wheel":7,"minecraft:pumpkin":14,"minecraft:quartz":3,"minecraft:dandelion":8,"minecraft:dripstone_block":10,"minecraft:lava_bucket":8,"minecraft:amethyst_shard":332,"minecraft:white_bed":7,"artifacts:scarf_of_invisibility":1,"minecraft:spider_eye":3,"minecraft:pumpkin_seeds":4,"create:brass_ingot":13,"minecraft:campfire":1,"minecraft:iron_helmet":1,"minecraft:cherry_sapling":128,"tombstone:magic_scroll":6,"minecraft:coal":45,"minecraft:sunflower":80},"minecraft:broken":{"minecraft:iron_sword":1,"minecraft:stone_hoe":6,"minecraft:iron_axe":3,"minecraft:iron_pickaxe":7,"minecraft:iron_helmet":1,"minecraft:diamond_boots":1,"minecraft:wooden_axe":1,"minecraft:stone_shovel":1,"create:sand_paper":3},"minecraft:killed":{"minecraft:skeleton":427,"alexsmobs:straddler":8,"minecraft:magma_cube":19,"minecraft:pillager":4,"minecraft:zombie":63,"minecraft:glow_squid":5,"minecraft:cow":78,"alexsmobs:seagull":2,"minecraft:enderman":1,"minecraft:witch":1,"minecraft:spider":13,"artifacts:mimic":3,"minecraft:pig":11,"minecraft:zombie_villager":1,"alexsmobs:stradpole":6,"minecraft:creeper":8,"alexsmobs:crimson_mosquito":6,"minecraft:sheep":3,"alexsmobs:tiger":1,"minecraft:wither_skeleton":8},"minecraft:custom":{"minecraft:interact_with_crafting_table":1189,"minecraft:open_barrel":147,"goblintraders:trade_with_goblin":3629,"minecraft:bell_ring":829,"minecraft:leave_game":29,"minecraft:time_since_death":163063,"minecraft:damage_blocked_by_shield":1110,"minecraft:play_time":2719463,"minecraft:deaths":48,"minecraft:jump":22866,"minecraft:enchant_item":10,"minecraft:interact_with_furnace":56,"minecraft:traded_with_villager":2194,"minecraft:sleep_in_bed":170,"minecraft:damage_dealt":47805,"tombstone:use_disenchantment":1,"tombstone:undead_killed":499,"minecraft:interact_with_smoker":145,"minecraft:use_cauldron":9,"minecraft:horse_one_cm":6565,"minecraft:interact_with_smithing_table":1,"minecraft:interact_with_anvil":58,"minecraft:inspect_hopper":8,"minecraft:damage_dealt_absorbed":154,"minecraft:sneak_time":100706,"minecraft:total_world_time":2719463,"tombstone:raider_killed":5,"minecraft:interact_with_stonecutter":2,"minecraft:time_since_rest":32622,"minecraft:swim_one_cm":379008,"minecraft:fly_one_cm":10563892,"minecraft:open_chest":2142,"minecraft:fall_one_cm":872445,"minecraft:animals_bred":398,"minecraft:sprint_one_cm":4147352,"minecraft:drop":465,"minecraft:talked_to_villager":740,"minecraft:walk_on_water_one_cm":261840,"minecraft:crouch_one_cm":288549,"minecraft:mob_kills":675,"minecraft:damage_dealt_resisted":171,"minecraft:climb_one_cm":67700,"minecraft:walk_one_cm":6537078,"tombstone:consume_soul":1,"minecraft:walk_under_water_one_cm":154885,"minecraft:interact_with_grindstone":9,"minecraft:damage_taken":32440,"minecraft:trigger_trapped_chest":3},"minecraft:mined":{"minecraft:white_bed":7,"create:copper_casing":6,"tombstone:decorative_tombstone":1,"create:andesite_casing":21,"minecraft:cherry_log":225,"minecraft:warped_stairs":98,"minecraft:obsidian":102,"minecraft:granite":9,"vinery:taiga_grape_bush_red":1,"wildberries:raspberry_bush_stage_3":6,"minecraft:oak_pressure_plate":1,"create:belt":2,"minecraft:crimson_fungus":1,"create:rotation_speed_controller":1,"minecraft:spawner":2,"minecraft:tall_seagrass":1,"minecraft:fire":37,"minecraft:cobbled_deepslate":86,"minecraft:moss_carpet":1,"minecraft:pumpkin":14,"minecraft:fletching_table":4,"minecraft:deepslate_lapis_ore":33,"minecraft:enchanting_table":3,"vinery:taiga_grape_bush_white":2,"minecraft:cave_vines":1,"minecraft:water_cauldron":4,"minecraft:dirt_path":5,"minecraft:oak_stairs":7,"minecraft:small_amethyst_bud":1,"create:gearshift":5,"create:mechanical_press":4,"farmersdelight:wild_potatoes":1,"minecraft:tripwire":3,"create:cogwheel":9,"minecraft:brown_mushroom":8,"minecraft:kelp_plant":86,"minecraft:smoker":3,"minecraft:amethyst_cluster":63,"minecraft:powder_snow":91,"minecraft:torch":9,"farmersdelight:cabbages":81,"minecraft:glass":7,"minecraft:sugar_cane":130,"wildberries:blackberry_bush_stage_3":1,"minecraft:amethyst_block":86,"create:basin":2,"minecraft:wheat":863,"storagedrawers:oak_full_drawers_1":3,"minecraft:lilac":8,"create:mechanical_mixer":4,"minecraft:warped_fungus":6,"minecraft:grass":600,"create:hand_crank":4,"minecraft:smooth_basalt":106,"minecraft:stonecutter":1,"create:clutch":1,"minecraft:deepslate":1199,"create:zinc_ore":260,"create:millstone":2,"minecraft:mossy_cobblestone":67,"farmersdelight:wild_carrots":3,"minecraft:cobbled_deepslate_slab":1,"minecraft:allium":2,"farmersdelight:wild_cabbages":12,"minecraft:moss_block":1,"minecraft:kelp":10,"farmersdelight:wild_onions":18,"minecraft:redstone_ore":15,"create:shaft":19,"minecraft:snow":1,"minecraft:andesite":6563,"minecraft:rail":8,"minecraft:warped_stem":698,"create:deployer":12,"framedblocks:framed_vertical_double_half_stairs":34,"minecraft:white_wool":1,"minecraft:oak_slab":5,"minecraft:light_gray_carpet":1,"minecraft:cherry_planks":14,"minecraft:soul_sand":1,"framedblocks:framed_double_slab":3,"minecraft:dandelion":2,"create:fluid_pipe":3,"create:mechanical_pump":1,"minecraft:warped_roots":43,"minecraft:campfire":1,"minecraft:copper_ore":261,"minecraft:tall_grass":89,"minecraft:deepslate_gold_ore":121,"minecraft:diorite":19,"minecraft:big_dripleaf":1,"minecraft:warped_wart_block":4383,"create:mechanical_saw":4,"alexsmobs:hummingbird_feeder":1,"create:water_wheel_structure":3,"create:blaze_burner":4,"create:gearbox":5,"minecraft:white_carpet":1,"minecraft:spruce_log":460,"minecraft:birch_leaves":12,"create:crushing_wheel":4,"minecraft:sunflower":22,"minecraft:gravel":176,"minecraft:dripstone_block":11,"minecraft:cobweb":15,"minecraft:gold_ore":31,"minecraft:fern":3,"minecraft:infested_stone":1,"miners_delight:wild_cave_carrots":2,"minecraft:large_amethyst_bud":8,"create:deepslate_zinc_ore":222,"minecraft:spruce_planks":10,"farmersdelight:rich_soil":2,"minecraft:oak_sapling":71,"tombstone:decorative_grave_original":1,"minecraft:cave_vines_plant":1,"minecraft:spruce_trapdoor":10,"minecraft:cherry_trapdoor":17,"minecraft:budding_amethyst":5,"minecraft:grass_block":1577,"moyai:moyai":10,"vinery:apple_log":12,"comforts:sleeping_bag_white":3,"minecraft:raw_iron_block":2,"farmersdelight:wild_rice":4,"minecraft:iron_ore":637,"minecraft:anvil":1,"create:asurine":1,"minecraft:red_tulip":1,"supplementaries:stick":3,"minecraft:pointed_dripstone":11,"minecraft:azalea":1,"minecraft:spruce_slab":26,"minecraft:deepslate_redstone_ore":132,"minecraft:blackstone":83,"minecraft:medium_amethyst_bud":4,"wildberries:blueberry_bush_stage_3":4,"minecraft:calcite":366,"minecraft:poppy":1,"minecraft:chest":7,"supplementaries:wild_flax":3,"farmersdelight:brown_mushroom_colony":2,"create:brass_casing":6,"minecraft:nether_quartz_ore":182,"minecraft:cobblestone":244,"minecraft:oak_planks":73,"minecraft:wall_torch":3,"minecraft:deepslate_copper_ore":36,"create:large_water_wheel":4,"minecraft:pink_petals":147,"minecraft:seagrass":2,"minecraft:warped_nylium":12,"farmersdelight:sandy_shrub":5,"minecraft:warped_planks":72,"minecraft:birch_log":112,"minecraft:tnt":2,"create:spout":1,"minecraft:oak_log":1164,"minecraft:sand":56,"minecraft:dirt":910,"minecraft:tripwire_hook":1,"minecraft:ancient_debris":3,"minecraft:netherrack":3474,"minecraft:oak_leaves":49,"framedblocks:framed_slab":7,"minecraft:nether_gold_ore":21,"minecraft:tuff":115,"farmersdelight:onions":310,"minecraft:deepslate_diamond_ore":27,"minecraft:lever":5,"create:large_cogwheel":2,"create:ochrum":3,"minecraft:spruce_leaves":20,"minecraft:sandstone":3,"minecraft:hay_block":62,"minecraft:oak_trapdoor":4,"minecraft:spruce_sapling":54,"minecraft:furnace":2,"minecraft:carrots":268,"miners_delight:gossypium":1,"minecraft:nether_sprouts":24,"create:white_sail":6,"create:windmill_bearing":1,"minecraft:peony":8,"minecraft:bookshelf":30,"minecraft:deepslate_iron_ore":460,"minecraft:shroomlight":140,"minecraft:stripped_oak_log":12,"minecraft:stone":661,"minecraft:podzol":1,"minecraft:flowering_azalea":2,"hauntedharvest:carved_pumpkin":1,"minecraft:snow_block":3,"minecraft:basalt":74,"minecraft:oak_fence":17,"minecraft:crafting_table":19,"mysticaloaktree:wise_oak":2,"minecraft:rose_bush":17,"minecraft:lectern":255,"minecraft:lapis_ore":17,"supplementaries:cage":4,"supplementaries:urn":11,"minecraft:spruce_stairs":5,"farmersdelight:wild_beetroots":2,"minecraft:birch_planks":15,"minecraft:sweet_berry_bush":17,"minecraft:ice":7,"minecraft:bee_nest":1,"minecraft:yellow_bed":4,"farmersdelight:tatami":6,"minecraft:coal_ore":619,"minecraft:warped_slab":221,"paraglider:goddess_statue":1},"minecraft:used":{"create:deployer":26,"minecraft:spruce_slab":233,"sophisticatedbackpacks:copper_backpack":3,"minecraft:ladder":6,"farmersdelight:cabbage_seeds":311,"minecraft:chest":63,"minecraft:rotten_flesh":2,"create:fluid_tank":117,"minecraft:soul_sand":1,"create:white_sail":30,"create:mechanical_crafter":22,"create:depot":21,"minecraft:snowball":34,"minecraft:spruce_boat":10,"minecraft:lava_bucket":45,"minecraft:grass_block":6,"create:steam_engine":10,"minecraft:bow":10,"minecraft:furnace":5,"create:rotation_speed_controller":9,"create:shaft":226,"minecraft:oak_sapling":23,"minecraft:sweet_berries":3,"supplementaries:ash":2,"minecraft:egg":1,"farmersdelight:hamburger":63,"minecraft:wooden_pickaxe":40,"minecraft:composter":1,"minecraft:oak_leaves":2,"create:spout":11,"minecraft:golden_apple":1,"minecraft:glow_berries":20,"minecraft:sand":7,"farmersdelight:tatami":14,"minecraft:blast_furnace":1,"framedblocks:framing_saw":1,"minecraft:lectern":259,"minecraft:oak_pressure_plate":1,"wildberries:blueberries":6,"minecraft:diamond_sword":391,"create:basin":7,"minecraft:smithing_table":1,"minecraft:birch_log":6,"minecraft:oak_boat":9,"miners_delight:gossypium":3,"vinery:apple_log":2,"minecraft:oak_trapdoor":26,"create_enchantment_industry:disenchanter":6,"minecraft:stone_sword":120,"minecraft:enchanting_table":4,"framedblocks:framed_slab":190,"minecraft:light_gray_carpet":1,"minecraft:netherrack":384,"minecraft:torch":142,"minecraft:warped_wart_block":109,"minecraft:anvil":1,"tombstone:decorative_tombstone":2,"minecraft:oak_fence_gate":2,"minecraft:flowering_azalea":1,"create:wrench":1001,"create:gearbox":66,"minecraft:iron_axe":1040,"minecraft:barrel":9,"minecraft:smooth_basalt":6,"minecraft:basalt":3,"minecraft:tripwire_hook":2,"minecraft:warped_stairs":469,"minecraft:beef":1,"farmersdelight:tomato_seeds":230,"tombstone:gift":8,"create:fluid_pipe":35,"comforts:sleeping_bag_white":133,"minecraft:cobbled_deepslate":363,"create:smart_fluid_pipe":1,"create:belt_connector":109,"minecraft:pointed_dripstone":6,"minecraft:calcite":79,"minecraft:wheat_seeds":1090,"minecraft:water_bucket":216,"farmersdelight:iron_knife":342,"minecraft:warped_stem":12,"minecraft:birch_planks":15,"create:brass_tunnel":3,"minecraft:cherry_planks":14,"minecraft:cauldron":4,"minecraft:fletching_table":9,"create:furnace_minecart_contraption":2,"create:blaze_burner":14,"minecraft:mossy_cobblestone":3,"minecraft:rail":11,"minecraft:crafting_table":38,"minecraft:oak_slab":13,"minecraft:cod":5,"minecraft:white_bed":10,"minecraft:campfire":3,"minecraft:spruce_log":28,"minecraft:oak_log":913,"minecraft:diamond_pickaxe":14740,"minecraft:diamond_shovel":2342,"vinery:rotten_cherry":5,"minecraft:sunflower":10,"minecraft:iron_pickaxe":2010,"minecraft:spruce_trapdoor":53,"create:mechanical_arm":138,"minecraft:spruce_sapling":24,"minecraft:cobblestone":210,"create_sa:portable_drill":2,"vinery:cherry":2,"minecraft:cooked_porkchop":3,"vinery:apple_tree_sapling":5,"create:clutch":1,"minecraft:stripped_oak_log":11,"minecraft:kelp":30,"minecraft:dandelion":5,"minecraft:oak_sign":2,"create:portable_storage_interface":3,"minecraft:shield":19,"minecraft:iron_sword":240,"minecraft:grass":1,"create:mechanical_bearing":1,"create:cogwheel":76,"minecraft:carrot":5470,"minecraft:furnace_minecart":2,"minecraft:beehive":1,"minecraft:obsidian":21,"create_enchantment_industry:printer":2,"minecraft:glass":347,"minecraft:lantern":16,"create:millstone":2,"mysticaloaktree:wise_oak":1,"farmersdelight:cutting_board":1,"minecraft:warped_fungus":6,"create:mechanical_drill":90,"minecraft:diamond_boots":1,"create:crushing_wheel":9,"minecraft:stone_pickaxe":306,"minecraft:oak_planks":288,"minecraft:ender_pearl":1,"minecraft:sandstone":3,"minecraft:sugar_cane":48,"minecraft:diamond_axe":7841,"create:mechanical_saw":8,"minecraft:white_wool":1,"farmersdelight:cod_roll":1,"minecraft:shears":4,"vinery:grass_slab":6,"minecraft:lever":20,"minecraft:bread":12,"minecraft:string":9,"minecraft:warped_slab":739,"tombstone:grave_key":2173,"minecraft:gravel":85,"create:andesite_casing":1,"create:asurine":1,"minecraft:grindstone":1,"minecraft:andesite":90,"create:vertical_gearbox":20,"minecraft:bone_meal":1249,"create:large_cogwheel":56,"minecraft:oak_fence":123,"storagedrawers:oak_full_drawers_1":18,"minecraft:rose_bush":1,"minecraft:flint_and_steel":2,"minecraft:stone_shovel":215,"minecraft:spruce_planks":62,"farmersdelight:rich_soil":2,"minecraft:stone_hoe":929,"create:mechanical_pump":23,"minecraft:dirt":1670,"create:mechanical_mixer":6,"minecraft:white_carpet":1,"minecraft:hopper":8,"minecraft:spruce_stairs":76,"create:mechanical_plough":1,"minecraft:bee_nest":1,"minecraft:spruce_fence":13,"minecraft:wooden_axe":66,"framedblocks:framed_vertical_double_half_stairs":34,"minecraft:bookshelf":30,"minecraft:oak_stairs":7,"create:hose_pulley":2,"minecraft:cherry_trapdoor":57,"alexsmobs:kangaroo_burger":12,"create:cart_assembler":4,"minecraft:golden_carrot":38,"alexsmobs:hummingbird_feeder":15,"minecraft:minecart":1,"minecraft:cooked_beef":44,"tombstone:decorative_grave_original":2,"create:gearshift":17,"minecraft:cooked_mutton":4,"wildberries:blackberry":1,"minecraft:amethyst_block":22,"create:empty_blaze_burner":2,"minecraft:brown_mushroom":4,"minecraft:stonecutter":1,"minecraft:warped_roots":24,"create:item_drain":6,"farmersdelight:onion":888,"create:brass_funnel":8,"minecraft:smoker":8,"minecraft:warped_planks":574,"tombstone:bag_of_seeds":1,"create:linear_chassis":126,"supplementaries:cage":31,"minecraft:apple":219,"create:mechanical_press":6,"create:windmill_bearing":2,"minecraft:chicken":1,"create_sa:block_picker":44,"create:large_water_wheel":24,"minecraft:pink_petals":152,"minecraft:crimson_fungus":1,"minecraft:cobbled_deepslate_slab":3,"minecraft:bucket":264,"minecraft:yellow_bed":4,"create:hand_crank":9},"minecraft:killed_by":{"minecraft:zombie_villager":1,"minecraft:pillager":1,"alexsmobs:straddler":3,"minecraft:magma_cube":4,"minecraft:zombie":4,"alexsmobs:tiger":1,"minecraft:wither_skeleton":3,"minecraft:creeper":3,"alexsmobs:bone_serpent":1,"minecraft:spider":1,"minecraft:enderman":1,"alexsmobs:gelada_monkey":1,"minecraft:skeleton":4},"minecraft:crafted":{"minecraft:smooth_stone":3,"minecraft:chainmail_helmet":8,"minecraft:oak_sign":3,"sophisticatedbackpacks:anvil_upgrade":1,"minecraft:diamond_shovel":4,"minecraft:lever":11,"minecraft:bookshelf":32,"minecraft:cooked_mutton":4,"minecraft:iron_bars":32,"create:rotation_speed_controller":5,"minecraft:glass":885,"minecraft:diamond_helmet":2,"minecraft:diamond_leggings":2,"create:mechanical_press":1,"minecraft:dried_kelp_block":22,"create:brass_funnel":6,"create:cogwheel":420,"minecraft:name_tag":4,"create:mechanical_plough":1,"minecraft:warped_stairs":440,"minecraft:glass_bottle":102,"minecraft:furnace_minecart":1,"create:rose_quartz":27,"minecraft:emerald":1811,"create_sa:large_filling_tank":6,"minecraft:cooked_porkchop":3,"minecraft:diamond_axe":1,"farmersdelight:iron_knife":4,"create_sa:brass_pickaxe":1,"supplementaries:cage":8,"storagedrawers:oak_full_drawers_1":16,"minecraft:smithing_table":1,"minecraft:copper_ingot":3288,"minecraft:fletching_table":5,"minecraft:campfire":2,"minecraft:polished_deepslate_slab":2,"create:mechanical_mixer":2,"create:clutch":1,"farmersdelight:beef_patty":320,"create:gearbox":29,"create:encased_fan":2,"minecraft:lectern":4,"minecraft:stone_slab":2,"vinery:grass_slab":6,"minecraft:iron_pickaxe":9,"minecraft:iron_block":332,"minecraft:gold_ingot":537,"create:large_cogwheel":125,"create:propeller":18,"minecraft:netherite_ingot":8,"minecraft:composter":1,"storagedrawers:upgrade_template":4,"tombstone:book_of_disenchantment":2,"minecraft:stone_shovel":12,"create:wrench":1,"minecraft:iron_nugget":3824,"create:white_sail":26,"comforts:sleeping_bag_white":1,"minecraft:bone_meal":1095,"minecraft:spruce_fence":18,"storagedrawers:emerald_storage_upgrade":4,"minecraft:cherry_trapdoor":48,"minecraft:lantern":52,"minecraft:spruce_stairs":92,"minecraft:ladder":6,"minecraft:spruce_slab":342,"minecraft:stone_pickaxe":4,"minecraft:diamond_boots":4,"minecraft:spruce_boat":1,"create:hose_pulley":1,"create:electron_tube":27,"create_enchantment_industry:printer":2,"create:belt_connector":26,"create:windmill_bearing":1,"minecraft:wheat":558,"minecraft:coal_block":57,"farmersdelight:hamburger":106,"minecraft:enchanting_table":1,"create:brass_tunnel":2,"minecraft:dried_kelp":370,"create:dough":2,"create:goggles":1,"create_sa:small_filling_tank":7,"sophisticatedbackpacks:gold_backpack":1,"framedblocks:framed_vertical_double_half_stairs":39,"create:andesite_alloy_block":155,"minecraft:enchanted_book":17,"minecraft:oak_fence_gate":2,"create:mechanical_arm":2,"alexsmobs:hummingbird_feeder":16,"minecraft:chainmail_boots":12,"minecraft:wooden_axe":1,"framedblocks:framed_slab":165,"minecraft:iron_shovel":3,"minecraft:iron_leggings":1,"minecraft:white_bed":3,"create:shaft":568,"create_sa:brass_drill_head":1,"minecraft:grindstone":1,"minecraft:oak_planks":30568,"minecraft:barrel":338,"farmersdelight:canvas":8,"toolbelt:pouch":1,"minecraft:stone":47,"tombstone:decorative_tombstone":1,"create_sa:portable_drill":1,"create:mechanical_bearing":1,"create:deployer":12,"minecraft:green_dye":27,"minecraft:warped_planks":1816,"minecraft:hopper":8,"minecraft:bow":14,"minecraft:iron_boots":1,"minecraft:raw_copper":576,"create:cart_assembler":1,"tombstone:grave_key":18,"minecraft:chest":86,"create:spout":5,"minecraft:copper_block":253,"framedblocks:framing_saw":1,"minecraft:rail":32,"minecraft:stone_hoe":8,"minecraft:oak_fence":123,"create:brass_hand":12,"minecraft:raw_iron_block":27,"minecraft:smoker":6,"farmersdelight:tomato_seeds":222,"tombstone:decorative_grave_original":1,"minecraft:oak_slab":1014,"create:depot":7,"sophisticatedbackpacks:backpack":1,"minecraft:crafting_table":29,"minecraft:spruce_planks":880,"create:mechanical_saw":4,"create:fluid_pipe":80,"minecraft:wooden_pickaxe":2,"minecraft:iron_helmet":1,"create:sand_paper":8,"minecraft:gold_block":43,"minecraft:birch_planks":360,"create:gearshift":9,"farmersdelight:tatami":8,"sophisticatedbackpacks:upgrade_base":1,"create_sa:block_picker":1,"farmersdelight:cutting_board":1,"minecraft:spruce_trapdoor":90,"minecraft:iron_chestplate":1,"minecraft:book":16,"minecraft:paper":66,"minecraft:diamond_pickaxe":5,"create:water_wheel":13,"minecraft:shield":1,"create:portable_storage_interface":2,"create:super_glue":1,"minecraft:stick":52355,"minecraft:warped_slab":642,"create:mechanical_pump":13,"minecraft:iron_ingot":4287,"minecraft:stone_sword":1,"create_sa:medium_filling_tank":6,"minecraft:shears":2,"create:empty_blaze_burner":10,"create:chute":8,"minecraft:cherry_planks":164,"create_sa:large_fueling_tank":6,"minecraft:cobbled_deepslate_slab":6,"toolbelt:belt":1,"minecraft:raw_iron":387,"minecraft:coal":279,"minecraft:tripwire_hook":2,"create:steam_engine":12,"minecraft:beehive":1,"minecraft:furnace":11,"minecraft:blast_furnace":1,"create_sa:medium_fueling_tank":6,"minecraft:raw_copper_block":64,"minecraft:oak_trapdoor":90,"minecraft:flint_and_steel":2,"minecraft:polished_deepslate":4,"minecraft:iron_axe":7,"minecraft:slime_ball":2,"create:millstone":1,"minecraft:lime_dye":2,"create:fluid_tank":302,"create:basin":2,"minecraft:netherite_scrap":32,"minecraft:minecart":1,"sophisticatedbackpacks:iron_backpack":1,"minecraft:cooked_beef":32,"minecraft:sugar":79,"paraglider:paraglider":1,"minecraft:cooked_cod":27,"create:andesite_alloy":2324,"create:hand_crank":2,"minecraft:diamond_sword":5,"create_enchantment_industry:disenchanter":2,"create:large_water_wheel":13,"create:item_drain":1,"minecraft:bucket":22,"minecraft:air":0,"minecraft:bread":106,"minecraft:oak_boat":3,"create_sa:copper_magnet":1,"minecraft:white_wool":5,"create:whisk":2,"framedblocks:framed_cube":160,"minecraft:white_dye":1,"minecraft:raw_gold":18,"create:linear_chassis":120,"tombstone:dark_marble":15,"create:mechanical_crafter":24,"minecraft:anvil":3,"create_sa:small_fueling_tank":6,"create:mechanical_drill":90,"minecraft:torch":264,"create:smart_fluid_pipe":1,"create:zinc_ingot":126,"minecraft:diamond_chestplate":2}},"DataVersion":3465}