{"stats":{"minecraft:used":{"sophisticatedbackpacks:copper_backpack":1,"minecraft:oak_sign":2,"minecraft:chest":8,"minecraft:shield":12,"minecraft:iron_sword":240,"minecraft:grass":1,"minecraft:soul_sand":1,"minecraft:snowball":34,"minecraft:spruce_boat":10,"minecraft:lava_bucket":13,"minecraft:bow":10,"minecraft:furnace":3,"minecraft:oak_planks":152,"minecraft:stone_pickaxe":306,"minecraft:wooden_pickaxe":38,"minecraft:sandstone":3,"minecraft:white_wool":1,"minecraft:sand":7,"farmersdelight:cod_roll":1,"minecraft:shears":3,"minecraft:lever":2,"minecraft:string":9,"tombstone:grave_key":5,"minecraft:oak_pressure_plate":1,"minecraft:gravel":3,"minecraft:andesite":5,"minecraft:oak_boat":1,"minecraft:bone_meal":1,"minecraft:oak_fence":1,"minecraft:oak_trapdoor":2,"minecraft:flint_and_steel":1,"minecraft:stone_shovel":131,"minecraft:torch":4,"minecraft:dirt":245,"minecraft:warped_wart_block":32,"minecraft:wooden_axe":66,"minecraft:iron_axe":528,"minecraft:oak_stairs":7,"minecraft:tripwire_hook":2,"minecraft:golden_carrot":26,"minecraft:beef":1,"tombstone:gift":3,"comforts:sleeping_bag_white":15,"minecraft:cooked_beef":14,"minecraft:cobbled_deepslate":317,"farmersdelight:iron_knife":37,"minecraft:water_bucket":40,"minecraft:oak_slab":1,"minecraft:crafting_table":20,"minecraft:white_bed":8,"minecraft:cod":1,"minecraft:smoker":3,"minecraft:oak_log":1,"minecraft:diamond_pickaxe":87,"supplementaries:cage":3,"vinery:rotten_cherry":5,"minecraft:iron_pickaxe":2010,"minecraft:pink_petals":4,"minecraft:cobblestone":84,"minecraft:cobbled_deepslate_slab":3,"vinery:cherry":2,"minecraft:cooked_porkchop":3,"minecraft:bucket":54,"minecraft:kelp":30},"minecraft:killed_by":{"minecraft:zombie_villager":1,"minecraft:zombie":2,"minecraft:enderman":1,"alexsmobs:gelada_monkey":1,"alexsmobs:tiger":1,"minecraft:skeleton":3},"minecraft:crafted":{"minecraft:oak_planks":236,"minecraft:oak_sign":3,"minecraft:lever":1,"minecraft:cooked_mutton":4,"minecraft:iron_bars":16,"minecraft:bow":2,"minecraft:iron_boots":1,"tombstone:grave_key":7,"minecraft:chest":7,"minecraft:stone_hoe":1,"minecraft:smoker":1,"sophisticatedbackpacks:backpack":1,"minecraft:cooked_porkchop":3,"minecraft:crafting_table":8,"minecraft:spruce_planks":68,"minecraft:wooden_pickaxe":1,"minecraft:iron_helmet":1,"supplementaries:cage":8,"minecraft:iron_chestplate":1,"minecraft:diamond_pickaxe":1,"minecraft:shield":1,"minecraft:stick":16,"minecraft:iron_ingot":92,"minecraft:iron_pickaxe":9,"minecraft:gold_ingot":8,"minecraft:shears":1,"minecraft:cobbled_deepslate_slab":6,"minecraft:stone_shovel":1,"minecraft:tripwire_hook":2,"comforts:sleeping_bag_white":1,"minecraft:furnace":2,"minecraft:oak_trapdoor":2,"minecraft:flint_and_steel":1,"minecraft:iron_axe":2,"minecraft:spruce_slab":24,"minecraft:stone_pickaxe":4,"minecraft:spruce_boat":1,"minecraft:wheat":279,"sophisticatedbackpacks:iron_backpack":1,"minecraft:cooked_beef":4,"minecraft:coal_block":30,"paraglider:paraglider":1,"sophisticatedbackpacks:gold_backpack":1,"minecraft:bucket":2,"minecraft:air":0,"minecraft:oak_boat":1,"minecraft:white_wool":5,"minecraft:wooden_axe":1,"minecraft:iron_leggings":1,"minecraft:white_bed":3,"minecraft:torch":4},"minecraft:custom":{"minecraft:interact_with_crafting_table":61,"goblintraders:trade_with_goblin":32,"minecraft:bell_ring":829,"minecraft:leave_game":4,"minecraft:time_since_death":123826,"minecraft:sprint_one_cm":694962,"minecraft:damage_blocked_by_shield":810,"minecraft:drop":57,"minecraft:talked_to_villager":1,"minecraft:play_time":352397,"minecraft:deaths":13,"minecraft:jump":5349,"minecraft:walk_on_water_one_cm":93816,"minecraft:interact_with_furnace":12,"minecraft:sleep_in_bed":15,"minecraft:damage_dealt":12275,"minecraft:crouch_one_cm":32437,"tombstone:undead_killed":121,"minecraft:interact_with_smoker":6,"minecraft:mob_kills":166,"minecraft:damage_dealt_resisted":171,"minecraft:climb_one_cm":4951,"minecraft:walk_one_cm":620686,"minecraft:damage_dealt_absorbed":74,"minecraft:sneak_time":10197,"minecraft:walk_under_water_one_cm":58877,"minecraft:total_world_time":352397,"minecraft:time_since_rest":493,"minecraft:damage_taken":6142,"minecraft:swim_one_cm":62060,"minecraft:fly_one_cm":825099,"minecraft:open_chest":106,"minecraft:fall_one_cm":133897},"minecraft:killed":{"minecraft:spider":2,"minecraft:skeleton":106,"artifacts:mimic":1,"minecraft:pig":11,"minecraft:creeper":3,"minecraft:sheep":3,"minecraft:zombie":15,"minecraft:glow_squid":1,"minecraft:cow":22},"minecraft:dropped":{"minecraft:cooked_beef":1,"minecraft:snowball":34,"minecraft:iron_pickaxe":1,"minecraft:gold_ingot":2,"minecraft:bone":13,"minecraft:gravel":2,"minecraft:iron_nugget":18,"minecraft:wheat":279,"minecraft:rotten_flesh":13,"supplementaries:ash":17,"minecraft:arrow":11,"farmersdelight:tomato_seeds":4,"minecraft:wheat_seeds":12,"minecraft:mossy_cobblestone":64,"minecraft:granite":3,"minecraft:golden_apple":1,"minecraft:diamond_horse_armor":1,"minecraft:diorite":5,"tombstone:grave_dust":1,"minecraft:string":10,"create:raw_zinc":22,"minecraft:smooth_basalt":2,"minecraft:raw_copper":28,"minecraft:tuff":105,"farmersdelight:straw":2,"minecraft:pumpkin_seeds":2,"minecraft:filled_map":1,"minecraft:stone_pickaxe":1,"minecraft:wooden_pickaxe":1},"minecraft:mined":{"minecraft:large_amethyst_bud":5,"create:deepslate_zinc_ore":20,"minecraft:white_bed":5,"minecraft:cherry_log":38,"minecraft:granite":3,"minecraft:budding_amethyst":4,"moyai:moyai":2,"minecraft:grass_block":28,"wildberries:raspberry_bush_stage_3":1,"minecraft:oak_pressure_plate":1,"minecraft:spawner":1,"minecraft:tall_seagrass":1,"minecraft:iron_ore":148,"minecraft:cobbled_deepslate":79,"minecraft:pumpkin":14,"minecraft:deepslate_lapis_ore":5,"minecraft:water_cauldron":4,"minecraft:dirt_path":1,"minecraft:oak_stairs":7,"minecraft:small_amethyst_bud":1,"minecraft:tripwire":3,"minecraft:deepslate_redstone_ore":12,"minecraft:brown_mushroom":2,"minecraft:kelp_plant":51,"minecraft:smoker":2,"minecraft:medium_amethyst_bud":4,"minecraft:amethyst_cluster":9,"minecraft:powder_snow":91,"minecraft:torch":1,"minecraft:calcite":38,"minecraft:chest":2,"minecraft:nether_quartz_ore":3,"minecraft:cobblestone":180,"minecraft:sugar_cane":14,"minecraft:oak_planks":17,"minecraft:amethyst_block":57,"minecraft:pink_petals":1,"minecraft:seagrass":2,"minecraft:grass":86,"minecraft:oak_log":167,"minecraft:sand":7,"minecraft:dirt":197,"minecraft:smooth_basalt":31,"minecraft:tripwire_hook":1,"minecraft:stonecutter":1,"minecraft:netherrack":5,"minecraft:oak_leaves":3,"minecraft:deepslate":988,"create:zinc_ore":99,"minecraft:tuff":105,"minecraft:mossy_cobblestone":64,"minecraft:deepslate_diamond_ore":2,"minecraft:lever":1,"minecraft:cobbled_deepslate_slab":1,"minecraft:spruce_leaves":20,"minecraft:kelp":5,"minecraft:sandstone":3,"minecraft:hay_block":31,"minecraft:redstone_ore":7,"minecraft:oak_trapdoor":2,"minecraft:furnace":2,"minecraft:snow":1,"minecraft:andesite":22,"minecraft:deepslate_iron_ore":20,"minecraft:shroomlight":3,"minecraft:warped_stem":10,"minecraft:stripped_oak_log":1,"minecraft:stone":166,"minecraft:white_wool":1,"minecraft:oak_slab":1,"hauntedharvest:carved_pumpkin":1,"minecraft:soul_sand":1,"minecraft:snow_block":3,"minecraft:dandelion":1,"minecraft:oak_fence":2,"minecraft:crafting_table":14,"minecraft:rose_bush":1,"minecraft:tall_grass":19,"minecraft:copper_ore":4,"minecraft:diorite":5,"supplementaries:cage":1,"minecraft:warped_wart_block":204,"supplementaries:urn":8,"minecraft:ice":2,"minecraft:spruce_log":49,"minecraft:birch_leaves":3,"minecraft:coal_ore":308,"minecraft:sunflower":1,"minecraft:gravel":7,"minecraft:cobweb":13,"minecraft:gold_ore":6},"minecraft:picked_up":{"minecraft:wheat":2,"minecraft:oak_stairs":7,"minecraft:amethyst_block":56,"minecraft:string":33,"wildberries:raspberry":3,"minecraft:raw_copper":14,"minecraft:iron_leggings":1,"moyai:moyai":2,"minecraft:shroomlight":2,"minecraft:cobbled_deepslate":1067,"comforts:sleeping_bag_white":15,"minecraft:rose_bush":1,"minecraft:calcite":38,"minecraft:iron_pickaxe":1,"minecraft:furnace":2,"minecraft:stick":70,"minecraft:oak_fence":1,"minecraft:torch":1,"minecraft:porkchop":20,"minecraft:cherry_log":36,"tombstone:grave_dust":9,"minecraft:diorite":10,"minecraft:cauldron":4,"minecraft:rotten_flesh":27,"supplementaries:antique_ink":2,"farmersdelight:rope":9,"hauntedharvest:carved_pumpkin":1,"supplementaries:ash":17,"minecraft:snowball":68,"minecraft:cod":1,"minecraft:cobblestone":348,"minecraft:pink_petals":6,"minecraft:cooked_beef":11,"minecraft:andesite":5,"minecraft:smoker":2,"paraglider:spirit_orb":2,"minecraft:flint":2,"minecraft:tuff":16,"create:raw_zinc":22,"minecraft:dirt":255,"minecraft:name_tag":1,"minecraft:leather_boots":1,"minecraft:bone":143,"minecraft:stonecutter":1,"minecraft:bow":11,"minecraft:wheat_seeds":16,"minecraft:raw_gold":2,"minecraft:cobbled_deepslate_slab":1,"minecraft:oak_planks":25,"minecraft:warped_wart_block":158,"minecraft:oak_pressure_plate":1,"minecraft:sand":7,"farmersdelight:ham":3,"minecraft:mossy_cobblestone":128,"minecraft:bundle":5,"minecraft:spruce_boat":10,"minecraft:lever":2,"minecraft:granite":3,"minecraft:grass":1,"minecraft:bone_meal":1,"minecraft:golden_apple":2,"minecraft:emerald":4,"minecraft:oak_sapling":74,"minecraft:netherrack":4,"minecraft:crafting_table":14,"vinery:taiga_grapes_white":2,"minecraft:brown_mushroom":2,"minecraft:diamond_horse_armor":3,"minecraft:oak_trapdoor":2,"minecraft:beef":41,"farmersdelight:straw":2,"minecraft:oak_boat":1,"vinery:cherry":5,"minecraft:iron_nugget":18,"minecraft:chest":2,"supplementaries:cage":1,"minecraft:sugar_cane":31,"minecraft:raw_iron":1,"minecraft:sandstone":3,"minecraft:bowl":1,"sophisticatedbackpacks:backpack":1,"farmersdelight:tomato_seeds":6,"minecraft:iron_horse_armor":1,"minecraft:arrow":114,"minecraft:hay_block":31,"tombstone:essence_of_undeath":1,"minecraft:gold_ingot":4,"sophisticatedbackpacks:copper_backpack":1,"minecraft:mutton":4,"minecraft:white_wool":14,"minecraft:stripped_oak_log":1,"vinery:rotten_cherry":5,"minecraft:tripwire_hook":2,"minecraft:glow_ink_sac":3,"minecraft:leather":33,"minecraft:oak_log":159,"minecraft:gunpowder":4,"minecraft:apple":2,"minecraft:kelp":315,"minecraft:warped_stem":10,"tombstone:bag_of_seeds":2,"minecraft:soul_sand":1,"minecraft:oak_slab":1,"minecraft:smooth_basalt":33,"minecraft:sweet_berries":31,"minecraft:pumpkin":14,"minecraft:gravel":7,"minecraft:amethyst_shard":40,"minecraft:spruce_sapling":14,"minecraft:white_bed":5,"minecraft:spruce_log":49,"artifacts:scarf_of_invisibility":1,"minecraft:pumpkin_seeds":4,"hauntedharvest:rotten_apple":2,"minecraft:cherry_sapling":27,"tombstone:magic_scroll":2,"minecraft:melon_seeds":4,"minecraft:coal":37,"minecraft:sunflower":1},"minecraft:broken":{"minecraft:iron_sword":1,"minecraft:wooden_axe":1,"minecraft:stone_shovel":1,"minecraft:iron_axe":2,"minecraft:iron_pickaxe":7}},"DataVersion":3465}