{"stats":{"minecraft:broken":{"minecraft:iron_sword":1,"minecraft:stone_hoe":6,"minecraft:iron_axe":3,"minecraft:iron_pickaxe":7,"minecraft:iron_helmet":1,"minecraft:wooden_axe":1,"minecraft:stone_shovel":1,"create:sand_paper":1},"minecraft:picked_up":{"minecraft:chainmail_boots":7,"minecraft:lead":17,"minecraft:diamond_sword":1,"minecraft:oak_stairs":7,"minecraft:amethyst_block":63,"paraglider:goddess_statue":1,"minecraft:string":41,"wildberries:raspberry":15,"moyai:moyai":10,"create:unprocessed_obsidian_sheet":1,"minecraft:shroomlight":48,"minecraft:cobbled_deepslate":1110,"minecraft:spruce_planks":1,"minecraft:warped_slab":130,"minecraft:golden_helmet":1,"create:andesite_casing":13,"minecraft:cherry_log":223,"minecraft:warped_planks":35,"minecraft:cauldron":4,"create:copper_casing":4,"farmersdelight:onion":426,"farmersdelight:rope":9,"minecraft:bookshelf":1,"hauntedharvest:carved_pumpkin":1,"supplementaries:quiver":2,"supplementaries:ash":22,"minecraft:snowball":68,"minecraft:birch_log":109,"minecraft:feather":2,"minecraft:cooked_beef":19,"farmersdelight:rice":4,"minecraft:smoker":3,"minecraft:flint":19,"farmersdelight:tomato":263,"minecraft:twisting_vines":24,"minecraft:stonecutter":1,"create:shaft":6,"minecraft:honeycomb":3,"miners_delight:gossypium":3,"minecraft:warped_wart_block":1723,"minecraft:ink_sac":2,"minecraft:bundle":8,"minecraft:lever":3,"minecraft:granite":3,"minecraft:chainmail_helmet":7,"minecraft:light_gray_carpet":1,"minecraft:crafting_table":18,"minecraft:bee_nest":1,"vinery:taiga_grapes_white":2,"minecraft:golden_pickaxe":1,"minecraft:flint_and_steel":1,"mysticaloaktree:wise_oak":2,"minecraft:white_carpet":1,"minecraft:beef":50,"vinery:cherry":5,"minecraft:poppy":1,"minecraft:iron_nugget":18,"minecraft:spruce_slab":22,"minecraft:chest":7,"minecraft:birch_sapling":31,"minecraft:egg":2,"minecraft:sandstone":3,"sophisticatedbackpacks:backpack":1,"create_sa:brass_jetpack_chestplate":1,"farmersdelight:tomato_seeds":6,"create:powdered_obsidian":26,"minecraft:carrot":986,"minecraft:redstone":1,"create:brass_casing":8,"create:vertical_gearbox":1,"minecraft:beetroot_seeds":3,"minecraft:peony":7,"minecraft:hay_block":62,"tombstone:essence_of_undeath":2,"minecraft:gold_ingot":12,"sophisticatedbackpacks:copper_backpack":1,"minecraft:mutton":4,"minecraft:white_wool":21,"minecraft:stripped_oak_log":12,"create:iron_sheet":59,"create:brass_sheet":22,"vinery:rotten_cherry":5,"minecraft:tripwire_hook":2,"wildberries:blackberry":9,"minecraft:oak_log":1585,"create:crushing_wheel":2,"minecraft:apple":166,"minecraft:kelp":368,"minecraft:warped_stem":328,"tombstone:bag_of_seeds":8,"create:mechanical_saw":4,"minecraft:smooth_basalt":106,"minecraft:sweet_berries":74,"vinery:taiga_grape_seeds_red":2,"minecraft:gravel":114,"minecraft:spruce_sapling":86,"minecraft:spruce_log":459,"minecraft:leather_helmet":1,"create:millstone":2,"hauntedharvest:rotten_apple":8,"minecraft:warped_roots":4,"minecraft:melon_seeds":4,"minecraft:wheat":281,"minecraft:warped_stairs":60,"minecraft:raw_copper":14,"minecraft:iron_leggings":1,"create:mechanical_press":4,"farmersdelight:cabbage":47,"comforts:sleeping_bag_white":87,"create:sturdy_sheet":1,"minecraft:rose_bush":49,"minecraft:calcite":424,"minecraft:iron_pickaxe":1,"farmersdelight:cabbage_seeds":180,"minecraft:furnace":2,"minecraft:stick":430,"create:mechanical_mixer":2,"farmersdelight:rotten_tomato":6,"minecraft:oak_fence":16,"minecraft:torch":16,"minecraft:spruce_stairs":4,"minecraft:porkchop":20,"minecraft:pointed_dripstone":6,"tombstone:grave_dust":33,"minecraft:diorite":15,"create:large_cogwheel":1,"minecraft:rotten_flesh":38,"supplementaries:antique_ink":2,"create:asurine":1,"minecraft:obsidian":36,"minecraft:cod":1,"vinery:apple_log":12,"minecraft:cobblestone":772,"minecraft:enchanting_table":3,"minecraft:pink_petals":989,"minecraft:leather_chestplate":2,"minecraft:lilac":6,"minecraft:cherry_planks":14,"minecraft:andesite":78,"minecraft:golden_leggings":1,"paraglider:spirit_orb":4,"minecraft:tuff":16,"create:raw_zinc":22,"supplementaries:flax_seeds":3,"minecraft:dirt":2262,"minecraft:name_tag":1,"minecraft:leather_boots":2,"minecraft:bone":383,"minecraft:bow":26,"minecraft:wheat_seeds":857,"minecraft:raw_gold":2,"minecraft:cobbled_deepslate_slab":1,"minecraft:fletching_table":4,"minecraft:oak_planks":66,"vinery:taiga_grape_seeds_white":6,"create:cogwheel":7,"minecraft:oak_pressure_plate":1,"snowyspirit:sled_oak":1,"minecraft:sand":16,"minecraft:grass_block":4,"farmersdelight:ham":3,"minecraft:mossy_cobblestone":128,"minecraft:spruce_boat":10,"minecraft:bone_meal":1,"minecraft:grass":1,"minecraft:golden_apple":2,"minecraft:emerald":4,"minecraft:oak_sapling":517,"minecraft:netherrack":30,"minecraft:oak_leaves":1,"create:white_sail":6,"minecraft:allium":39,"minecraft:chicken":1,"minecraft:brown_mushroom":19,"minecraft:wooden_pickaxe":1,"minecraft:diamond_horse_armor":3,"minecraft:oak_trapdoor":3,"miners_delight:cave_carrot":3,"vinery:apple_tree_sapling":5,"farmersdelight:straw":2,"minecraft:oak_boat":8,"minecraft:lectern":33,"supplementaries:cage":2,"minecraft:sugar_cane":178,"minecraft:spruce_trapdoor":8,"minecraft:raw_iron":15,"create:golden_sheet":4,"minecraft:bowl":1,"create:windmill_bearing":1,"create:hand_crank":6,"minecraft:iron_horse_armor":1,"create:deployer":9,"minecraft:arrow":331,"farmersdelight:rich_soil":2,"minecraft:basalt":2,"minecraft:glow_ink_sac":6,"minecraft:leather":45,"wildberries:blueberries":10,"minecraft:birch_planks":15,"minecraft:gunpowder":9,"minecraft:yellow_bed":4,"create:blaze_burner":1,"minecraft:iron_ingot":26,"minecraft:soul_sand":1,"minecraft:book":27,"minecraft:oak_slab":1,"create:large_water_wheel":5,"minecraft:pumpkin":14,"minecraft:dandelion":2,"minecraft:amethyst_shard":172,"minecraft:white_bed":7,"artifacts:scarf_of_invisibility":1,"minecraft:pumpkin_seeds":4,"create:brass_ingot":13,"minecraft:campfire":1,"minecraft:cherry_sapling":128,"tombstone:magic_scroll":5,"minecraft:coal":38,"minecraft:sunflower":64},"minecraft:dropped":{"minecraft:cooked_beef":1,"minecraft:warped_roots":4,"minecraft:iron_pickaxe":1,"minecraft:bone":13,"minecraft:iron_nugget":18,"minecraft:cobbled_deepslate":5,"minecraft:wheat":281,"minecraft:birch_sapling":1,"minecraft:obsidian":26,"minecraft:rotten_flesh":22,"minecraft:warped_wart_block":74,"farmersdelight:tomato_seeds":4,"minecraft:iron_ingot":85,"minecraft:wheat_seeds":17,"minecraft:granite":3,"minecraft:chainmail_helmet":14,"minecraft:golden_apple":1,"minecraft:diamond_horse_armor":1,"minecraft:rose_bush":47,"minecraft:string":10,"create:raw_zinc":22,"farmersdelight:straw":2,"minecraft:pumpkin_seeds":2,"minecraft:diamond_sword":1,"minecraft:allium":4,"minecraft:bundle":1,"create:zinc_ingot":30,"tombstone:bag_of_seeds":3,"create:brass_sheet":1,"minecraft:snowball":34,"farmersdelight:onion":2,"minecraft:gold_ingot":15,"minecraft:gravel":2,"minecraft:carrot":670,"supplementaries:ash":20,"minecraft:gunpowder":1,"minecraft:chainmail_boots":14,"create:brass_ingot":34,"minecraft:arrow":11,"minecraft:oak_leaves":1,"minecraft:mossy_cobblestone":64,"minecraft:copper_ingot":30,"minecraft:diorite":5,"tombstone:grave_dust":2,"minecraft:smooth_basalt":2,"minecraft:raw_copper":28,"minecraft:tuff":105,"minecraft:flint_and_steel":1,"minecraft:filled_map":1,"minecraft:andesite":214,"minecraft:stone_pickaxe":1,"minecraft:wooden_pickaxe":3,"minecraft:calcite":192},"minecraft:used":{"create:deployer":14,"minecraft:spruce_slab":191,"farmersdelight:cabbage_seeds":180,"sophisticatedbackpacks:copper_backpack":1,"minecraft:ladder":6,"minecraft:chest":41,"minecraft:rotten_flesh":2,"minecraft:soul_sand":1,"create:white_sail":30,"create:mechanical_crafter":22,"create:depot":3,"minecraft:snowball":34,"minecraft:spruce_boat":10,"minecraft:lava_bucket":37,"minecraft:grass_block":1,"create:rotation_speed_controller":1,"minecraft:bow":10,"create:shaft":13,"minecraft:sweet_berries":3,"minecraft:oak_sapling":8,"minecraft:furnace":4,"minecraft:egg":1,"minecraft:wooden_pickaxe":40,"minecraft:composter":1,"create:spout":1,"minecraft:golden_apple":1,"minecraft:sand":7,"minecraft:blast_furnace":1,"minecraft:lectern":36,"minecraft:oak_pressure_plate":1,"wildberries:blueberries":6,"minecraft:diamond_sword":136,"create:basin":1,"minecraft:smithing_table":1,"minecraft:birch_log":6,"minecraft:oak_boat":9,"miners_delight:gossypium":3,"vinery:apple_log":2,"minecraft:oak_trapdoor":16,"minecraft:stone_sword":120,"minecraft:enchanting_table":4,"minecraft:light_gray_carpet":1,"minecraft:netherrack":23,"minecraft:torch":88,"minecraft:warped_wart_block":109,"minecraft:anvil":1,"tombstone:decorative_tombstone":1,"minecraft:oak_fence_gate":2,"create:wrench":173,"create:gearbox":9,"minecraft:iron_axe":1040,"minecraft:barrel":4,"minecraft:smooth_basalt":6,"minecraft:tripwire_hook":2,"minecraft:warped_stairs":220,"minecraft:beef":1,"tombstone:gift":8,"create:fluid_pipe":6,"farmersdelight:tomato_seeds":230,"comforts:sleeping_bag_white":87,"minecraft:cobbled_deepslate":343,"minecraft:pointed_dripstone":6,"minecraft:calcite":45,"minecraft:wheat_seeds":509,"minecraft:water_bucket":175,"farmersdelight:iron_knife":37,"minecraft:birch_planks":15,"minecraft:cherry_planks":14,"minecraft:cauldron":4,"minecraft:fletching_table":9,"create:blaze_burner":2,"minecraft:oak_slab":1,"minecraft:crafting_table":32,"minecraft:campfire":3,"minecraft:white_bed":10,"minecraft:cod":5,"minecraft:spruce_log":18,"minecraft:oak_log":533,"minecraft:diamond_pickaxe":3474,"minecraft:diamond_shovel":2039,"vinery:rotten_cherry":5,"minecraft:sunflower":10,"minecraft:iron_pickaxe":2010,"minecraft:spruce_trapdoor":43,"minecraft:spruce_sapling":24,"minecraft:cobblestone":204,"vinery:cherry":2,"minecraft:cooked_porkchop":3,"vinery:apple_tree_sapling":5,"minecraft:stripped_oak_log":11,"minecraft:kelp":30,"minecraft:dandelion":1,"minecraft:oak_sign":2,"create:portable_storage_interface":3,"minecraft:shield":19,"minecraft:iron_sword":240,"minecraft:grass":1,"create:mechanical_bearing":1,"create:cogwheel":13,"minecraft:carrot":5470,"minecraft:beehive":1,"minecraft:lantern":16,"create:millstone":2,"mysticaloaktree:wise_oak":1,"create:crushing_wheel":5,"minecraft:stone_pickaxe":306,"minecraft:oak_planks":206,"minecraft:sandstone":3,"minecraft:sugar_cane":46,"minecraft:diamond_axe":4052,"create:mechanical_saw":8,"minecraft:white_wool":1,"farmersdelight:cod_roll":1,"minecraft:shears":4,"minecraft:lever":4,"vinery:grass_slab":6,"minecraft:string":9,"minecraft:bread":3,"minecraft:warped_slab":416,"tombstone:grave_key":7,"create:andesite_casing":1,"create:asurine":1,"minecraft:gravel":85,"minecraft:grindstone":1,"minecraft:andesite":89,"create:vertical_gearbox":5,"minecraft:bone_meal":923,"create:large_cogwheel":8,"minecraft:oak_fence":107,"storagedrawers:oak_full_drawers_1":6,"minecraft:rose_bush":1,"minecraft:flint_and_steel":1,"minecraft:stone_shovel":215,"minecraft:spruce_planks":30,"farmersdelight:rich_soil":2,"minecraft:stone_hoe":929,"create:mechanical_pump":1,"minecraft:dirt":1545,"create:mechanical_mixer":3,"minecraft:white_carpet":1,"minecraft:hopper":8,"minecraft:spruce_stairs":64,"minecraft:bee_nest":1,"minecraft:spruce_fence":13,"minecraft:wooden_axe":66,"minecraft:bookshelf":10,"minecraft:oak_stairs":7,"minecraft:golden_carrot":38,"alexsmobs:hummingbird_feeder":14,"minecraft:cooked_beef":44,"create:gearshift":1,"wildberries:blackberry":1,"minecraft:brown_mushroom":4,"minecraft:stonecutter":1,"farmersdelight:onion":367,"minecraft:smoker":4,"minecraft:warped_planks":349,"create:linear_chassis":15,"minecraft:apple":209,"supplementaries:cage":11,"create:mechanical_press":5,"create:windmill_bearing":2,"minecraft:chicken":1,"create:large_water_wheel":11,"minecraft:pink_petals":139,"minecraft:cobbled_deepslate_slab":3,"minecraft:bucket":216,"minecraft:yellow_bed":4,"create:hand_crank":6},"minecraft:custom":{"minecraft:interact_with_crafting_table":491,"minecraft:open_barrel":1,"goblintraders:trade_with_goblin":569,"minecraft:bell_ring":829,"minecraft:leave_game":10,"minecraft:time_since_death":172452,"minecraft:damage_blocked_by_shield":1110,"minecraft:play_time":1592407,"minecraft:deaths":24,"minecraft:jump":19346,"minecraft:enchant_item":1,"minecraft:interact_with_furnace":40,"minecraft:traded_with_villager":950,"minecraft:sleep_in_bed":104,"minecraft:damage_dealt":25554,"tombstone:undead_killed":379,"minecraft:interact_with_smoker":17,"minecraft:use_cauldron":5,"minecraft:horse_one_cm":6565,"minecraft:interact_with_smithing_table":1,"minecraft:interact_with_anvil":58,"minecraft:inspect_hopper":8,"minecraft:damage_dealt_absorbed":154,"minecraft:sneak_time":62435,"minecraft:total_world_time":1592407,"tombstone:raider_killed":1,"minecraft:interact_with_stonecutter":2,"minecraft:time_since_rest":3511,"minecraft:swim_one_cm":205881,"minecraft:fly_one_cm":3615618,"minecraft:open_chest":1028,"minecraft:fall_one_cm":548749,"minecraft:animals_bred":248,"minecraft:sprint_one_cm":3167415,"minecraft:drop":198,"minecraft:talked_to_villager":248,"minecraft:walk_on_water_one_cm":217796,"minecraft:crouch_one_cm":200537,"minecraft:mob_kills":448,"minecraft:damage_dealt_resisted":171,"minecraft:climb_one_cm":38487,"minecraft:walk_one_cm":3941215,"minecraft:walk_under_water_one_cm":119575,"minecraft:damage_taken":15540},"minecraft:killed_by":{"minecraft:zombie_villager":1,"minecraft:zombie":4,"alexsmobs:tiger":1,"minecraft:wither_skeleton":1,"minecraft:creeper":2,"minecraft:spider":1,"minecraft:enderman":1,"alexsmobs:gelada_monkey":1,"minecraft:skeleton":4},"minecraft:crafted":{"minecraft:smooth_stone":3,"minecraft:chainmail_helmet":8,"minecraft:oak_sign":3,"sophisticatedbackpacks:anvil_upgrade":1,"minecraft:diamond_shovel":4,"minecraft:lever":2,"minecraft:bookshelf":13,"minecraft:cooked_mutton":4,"minecraft:iron_bars":16,"minecraft:glass":195,"create:rotation_speed_controller":1,"minecraft:diamond_helmet":1,"minecraft:diamond_leggings":1,"create:mechanical_press":1,"create:cogwheel":55,"minecraft:warped_stairs":196,"minecraft:glass_bottle":33,"create:rose_quartz":13,"minecraft:emerald":805,"minecraft:cooked_porkchop":3,"create_sa:large_filling_tank":1,"minecraft:diamond_axe":1,"supplementaries:cage":8,"storagedrawers:oak_full_drawers_1":7,"minecraft:smithing_table":1,"minecraft:copper_ingot":224,"minecraft:fletching_table":5,"minecraft:campfire":2,"minecraft:polished_deepslate_slab":2,"create:mechanical_mixer":1,"create:gearbox":6,"create:encased_fan":2,"minecraft:lectern":4,"minecraft:stone_slab":2,"vinery:grass_slab":6,"minecraft:iron_pickaxe":9,"minecraft:iron_block":65,"minecraft:gold_ingot":44,"create:large_cogwheel":13,"create:propeller":5,"minecraft:composter":1,"storagedrawers:upgrade_template":4,"minecraft:stone_shovel":12,"create:wrench":1,"minecraft:iron_nugget":693,"create:white_sail":26,"comforts:sleeping_bag_white":1,"minecraft:bone_meal":864,"minecraft:spruce_fence":18,"storagedrawers:emerald_storage_upgrade":4,"minecraft:lantern":28,"minecraft:spruce_stairs":92,"minecraft:ladder":6,"minecraft:spruce_slab":216,"minecraft:stone_pickaxe":4,"minecraft:diamond_boots":1,"minecraft:spruce_boat":1,"create:electron_tube":13,"create:windmill_bearing":1,"minecraft:wheat":558,"minecraft:coal_block":52,"minecraft:enchanting_table":1,"minecraft:dried_kelp":1,"create:dough":2,"create:goggles":1,"create_sa:small_filling_tank":2,"sophisticatedbackpacks:gold_backpack":1,"minecraft:enchanted_book":6,"minecraft:oak_fence_gate":2,"alexsmobs:hummingbird_feeder":16,"minecraft:chainmail_boots":12,"minecraft:wooden_axe":1,"minecraft:iron_shovel":3,"minecraft:iron_leggings":1,"minecraft:white_bed":3,"create:shaft":72,"minecraft:grindstone":1,"minecraft:oak_planks":12256,"minecraft:barrel":91,"toolbelt:pouch":1,"minecraft:stone":47,"tombstone:decorative_tombstone":1,"create:mechanical_bearing":1,"create:deployer":5,"minecraft:warped_planks":960,"minecraft:green_dye":27,"minecraft:hopper":8,"minecraft:iron_boots":1,"minecraft:bow":2,"tombstone:grave_key":8,"minecraft:chest":52,"create:spout":1,"minecraft:stone_hoe":8,"minecraft:oak_fence":102,"create:brass_hand":5,"minecraft:raw_iron_block":27,"minecraft:smoker":2,"farmersdelight:tomato_seeds":222,"minecraft:oak_slab":414,"create:depot":3,"sophisticatedbackpacks:backpack":1,"minecraft:crafting_table":25,"minecraft:spruce_planks":764,"create:mechanical_saw":4,"create:fluid_pipe":8,"minecraft:wooden_pickaxe":2,"minecraft:iron_helmet":1,"create:sand_paper":6,"minecraft:birch_planks":360,"create:gearshift":1,"sophisticatedbackpacks:upgrade_base":1,"minecraft:spruce_trapdoor":90,"minecraft:book":16,"minecraft:iron_chestplate":1,"minecraft:paper":66,"minecraft:diamond_pickaxe":5,"create:water_wheel":6,"minecraft:shield":1,"create:super_glue":1,"create:portable_storage_interface":2,"minecraft:stick":21274,"minecraft:warped_slab":384,"create:mechanical_pump":1,"minecraft:iron_ingot":967,"minecraft:stone_sword":1,"create_sa:medium_filling_tank":1,"minecraft:shears":2,"create:empty_blaze_burner":1,"create:chute":8,"minecraft:cherry_planks":16,"create_sa:large_fueling_tank":1,"minecraft:cobbled_deepslate_slab":6,"toolbelt:belt":1,"minecraft:raw_iron":252,"minecraft:coal":270,"minecraft:tripwire_hook":2,"minecraft:beehive":1,"minecraft:furnace":5,"minecraft:blast_furnace":1,"create_sa:medium_fueling_tank":1,"minecraft:oak_trapdoor":88,"minecraft:flint_and_steel":1,"minecraft:polished_deepslate":4,"minecraft:iron_axe":7,"minecraft:slime_ball":2,"create:millstone":1,"minecraft:lime_dye":2,"create:fluid_tank":3,"create:basin":1,"sophisticatedbackpacks:iron_backpack":1,"minecraft:cooked_beef":32,"minecraft:sugar":14,"paraglider:paraglider":1,"minecraft:cooked_cod":27,"create:andesite_alloy":220,"create:hand_crank":1,"minecraft:diamond_sword":1,"create:large_water_wheel":6,"minecraft:bucket":4,"minecraft:air":0,"minecraft:oak_boat":3,"minecraft:white_wool":5,"create:whisk":1,"minecraft:white_dye":1,"create:linear_chassis":15,"create:mechanical_crafter":24,"tombstone:dark_marble":10,"minecraft:anvil":3,"create_sa:small_fueling_tank":1,"minecraft:torch":164,"create:zinc_ingot":80,"minecraft:diamond_chestplate":1},"minecraft:killed":{"minecraft:skeleton":337,"alexsmobs:straddler":1,"minecraft:zombie":37,"minecraft:glow_squid":1,"minecraft:cow":29,"minecraft:witch":1,"minecraft:spider":10,"artifacts:mimic":1,"minecraft:pig":11,"minecraft:creeper":7,"minecraft:sheep":3,"alexsmobs:tiger":1,"minecraft:wither_skeleton":5},"minecraft:mined":{"minecraft:white_bed":7,"create:copper_casing":1,"create:andesite_casing":13,"minecraft:cherry_log":225,"minecraft:warped_stairs":62,"minecraft:obsidian":19,"minecraft:granite":3,"vinery:taiga_grape_bush_red":1,"wildberries:raspberry_bush_stage_3":6,"minecraft:oak_pressure_plate":1,"minecraft:spawner":2,"minecraft:tall_seagrass":1,"minecraft:cobbled_deepslate":86,"minecraft:fire":1,"minecraft:pumpkin":14,"minecraft:fletching_table":4,"minecraft:deepslate_lapis_ore":5,"minecraft:enchanting_table":3,"vinery:taiga_grape_bush_white":2,"minecraft:water_cauldron":4,"minecraft:dirt_path":5,"minecraft:oak_stairs":7,"minecraft:small_amethyst_bud":1,"create:mechanical_press":4,"farmersdelight:wild_potatoes":1,"minecraft:tripwire":3,"create:cogwheel":7,"minecraft:brown_mushroom":8,"minecraft:kelp_plant":58,"minecraft:smoker":3,"minecraft:amethyst_cluster":40,"minecraft:powder_snow":91,"minecraft:torch":8,"farmersdelight:cabbages":46,"minecraft:sugar_cane":86,"wildberries:blackberry_bush_stage_3":1,"minecraft:amethyst_block":64,"minecraft:wheat":281,"create:mechanical_mixer":2,"minecraft:lilac":8,"minecraft:grass":261,"create:hand_crank":4,"minecraft:smooth_basalt":105,"minecraft:stonecutter":1,"minecraft:deepslate":1021,"create:zinc_ore":99,"create:millstone":2,"minecraft:mossy_cobblestone":64,"farmersdelight:wild_carrots":3,"minecraft:cobbled_deepslate_slab":1,"minecraft:allium":2,"farmersdelight:wild_cabbages":12,"minecraft:kelp":5,"farmersdelight:wild_onions":18,"minecraft:redstone_ore":7,"create:shaft":6,"minecraft:snow":1,"minecraft:andesite":1495,"minecraft:warped_stem":339,"create:deployer":9,"minecraft:white_wool":1,"minecraft:oak_slab":1,"minecraft:light_gray_carpet":1,"minecraft:cherry_planks":14,"minecraft:soul_sand":1,"minecraft:dandelion":2,"minecraft:warped_roots":4,"minecraft:campfire":1,"minecraft:tall_grass":41,"minecraft:copper_ore":48,"minecraft:deepslate_gold_ore":20,"minecraft:diorite":6,"minecraft:warped_wart_block":2212,"create:mechanical_saw":4,"create:water_wheel_structure":2,"create:blaze_burner":1,"create:gearbox":1,"minecraft:white_carpet":1,"minecraft:spruce_log":459,"minecraft:birch_leaves":12,"minecraft:sunflower":22,"minecraft:gravel":130,"minecraft:cobweb":15,"minecraft:gold_ore":16,"minecraft:fern":3,"miners_delight:wild_cave_carrots":2,"minecraft:large_amethyst_bud":6,"create:deepslate_zinc_ore":42,"minecraft:spruce_planks":1,"farmersdelight:rich_soil":2,"minecraft:oak_sapling":71,"minecraft:spruce_trapdoor":8,"minecraft:budding_amethyst":5,"minecraft:grass_block":1421,"moyai:moyai":10,"vinery:apple_log":12,"comforts:sleeping_bag_white":2,"minecraft:raw_iron_block":2,"farmersdelight:wild_rice":4,"minecraft:iron_ore":251,"create:asurine":1,"minecraft:pointed_dripstone":3,"supplementaries:stick":3,"minecraft:spruce_slab":20,"minecraft:deepslate_redstone_ore":22,"minecraft:medium_amethyst_bud":4,"wildberries:blueberry_bush_stage_3":4,"minecraft:calcite":362,"minecraft:poppy":1,"minecraft:chest":7,"supplementaries:wild_flax":3,"farmersdelight:brown_mushroom_colony":2,"create:brass_casing":5,"minecraft:nether_quartz_ore":51,"minecraft:cobblestone":239,"minecraft:oak_planks":56,"minecraft:wall_torch":1,"create:large_water_wheel":3,"minecraft:pink_petals":142,"minecraft:seagrass":2,"farmersdelight:sandy_shrub":5,"minecraft:warped_planks":40,"minecraft:birch_log":112,"minecraft:oak_log":900,"minecraft:sand":16,"minecraft:dirt":811,"minecraft:tripwire_hook":1,"minecraft:netherrack":31,"minecraft:oak_leaves":41,"minecraft:tuff":106,"farmersdelight:onions":76,"minecraft:deepslate_diamond_ore":18,"minecraft:lever":2,"create:large_cogwheel":1,"minecraft:spruce_leaves":20,"minecraft:sandstone":3,"minecraft:hay_block":62,"minecraft:oak_trapdoor":3,"minecraft:furnace":2,"minecraft:carrots":268,"miners_delight:gossypium":1,"create:white_sail":6,"create:windmill_bearing":1,"minecraft:peony":8,"minecraft:bookshelf":10,"minecraft:deepslate_iron_ore":243,"minecraft:shroomlight":54,"minecraft:stripped_oak_log":12,"minecraft:stone":525,"minecraft:podzol":1,"hauntedharvest:carved_pumpkin":1,"minecraft:snow_block":3,"minecraft:oak_fence":17,"minecraft:crafting_table":18,"mysticaloaktree:wise_oak":2,"minecraft:rose_bush":17,"minecraft:lectern":33,"minecraft:lapis_ore":2,"supplementaries:cage":2,"supplementaries:urn":11,"minecraft:spruce_stairs":4,"farmersdelight:wild_beetroots":2,"minecraft:birch_planks":15,"minecraft:sweet_berry_bush":17,"minecraft:ice":7,"minecraft:bee_nest":1,"minecraft:yellow_bed":4,"minecraft:coal_ore":526,"minecraft:warped_slab":125,"paraglider:goddess_statue":1}},"DataVersion":3465}