{"stats":{"minecraft:dropped":{"minecraft:lapis_lazuli":611,"minecraft:cooked_beef":1,"minecraft:glow_ink_sac":679,"minecraft:warped_roots":18,"create:incomplete_precision_mechanism":1,"minecraft:leather_helmet":1,"minecraft:dirt":266,"miners_delight:gossypium":1,"minecraft:iron_pickaxe":1,"minecraft:sugar":65,"minecraft:bone":20,"minecraft:iron_nugget":18,"minecraft:golden_chestplate":1,"minecraft:cobbled_deepslate":36,"minecraft:wheat":281,"minecraft:birch_sapling":13,"minecraft:obsidian":218,"minecraft:rotten_flesh":100,"minecraft:oak_planks":2,"alexsmobs:blood_sac":11,"minecraft:warped_wart_block":401,"minecraft:egg":52,"farmersdelight:tomato_seeds":4,"minecraft:golden_boots":1,"minecraft:iron_ingot":105,"minecraft:wheat_seeds":30,"minecraft:dripstone_block":10,"minecraft:cobblestone":85,"minecraft:apple":9,"minecraft:granite":28,"minecraft:chainmail_helmet":14,"minecraft:golden_apple":1,"minecraft:lava_bucket":4,"minecraft:diamond_horse_armor":1,"minecraft:rose_bush":47,"minecraft:string":13,"create:raw_zinc":22,"minecraft:moss_carpet":1,"create:ochrum":3,"minecraft:experience_bottle":2,"farmersdelight:straw":2,"minecraft:pumpkin_seeds":2,"minecraft:diamond_sword":1,"minecraft:allium":4,"create:zinc_ingot":172,"minecraft:bundle":2,"minecraft:spider_eye":2,"minecraft:bow":1,"minecraft:oak_log":3,"minecraft:cracked_polished_blackstone_bricks":2,"tombstone:bag_of_seeds":3,"create:brass_sheet":3,"minecraft:snowball":34,"farmersdelight:onion":109,"minecraft:gold_ingot":18,"minecraft:gravel":43,"minecraft:blackstone":40,"minecraft:carrot":1365,"minecraft:leather_chestplate":1,"supplementaries:ash":23,"minecraft:gunpowder":3,"minecraft:chainmail_boots":14,"create:brass_ingot":43,"minecraft:basalt":111,"minecraft:iron_bars":14,"minecraft:arrow":30,"minecraft:oak_leaves":2,"minecraft:netherrack":2178,"minecraft:mossy_cobblestone":64,"minecraft:golden_axe":1,"minecraft:copper_ingot":458,"create:cinder_flour":100,"minecraft:iron_block":7,"minecraft:diorite":10,"create_enchantment_industry:hyper_experience_bottle":1,"tombstone:grave_dust":27,"minecraft:bucket":23,"minecraft:dandelion":1,"minecraft:smooth_basalt":2,"minecraft:redstone":17,"minecraft:raw_copper":28,"minecraft:tuff":111,"farmersdelight:cabbage_seeds":4,"minecraft:flint_and_steel":1,"minecraft:filled_map":1,"minecraft:andesite":1422,"minecraft:diamond_boots":1,"minecraft:stone_pickaxe":1,"minecraft:wooden_pickaxe":3,"minecraft:calcite":192,"create:golden_sheet":19},"minecraft:picked_up":{"minecraft:chainmail_boots":7,"minecraft:anvil":1,"vinery:red_grape_seeds":4,"create:spout":1,"minecraft:lead":21,"minecraft:diamond_sword":1,"minecraft:oak_stairs":7,"minecraft:enchanted_book":1,"minecraft:amethyst_block":85,"paraglider:goddess_statue":1,"minecraft:string":50,"wildberries:raspberry":21,"minecraft:soul_soil":12,"moyai:moyai":10,"create:unprocessed_obsidian_sheet":16,"minecraft:shroomlight":133,"minecraft:cobbled_deepslate":1361,"minecraft:spruce_planks":10,"minecraft:warped_slab":239,"minecraft:hopper_minecart":1,"minecraft:golden_helmet":1,"minecraft:big_dripleaf":2,"create:andesite_casing":21,"minecraft:golden_axe":2,"minecraft:cherry_log":223,"minecraft:warped_planks":67,"minecraft:golden_chestplate":2,"minecraft:cauldron":4,"create:copper_casing":9,"farmersdelight:onion":1784,"create:ochrum":3,"minecraft:red_tulip":1,"minecraft:iron_block":7,"farmersdelight:rope":9,"minecraft:bookshelf":2,"hauntedharvest:carved_pumpkin":1,"supplementaries:quiver":3,"supplementaries:ash":23,"minecraft:iron_bars":14,"minecraft:snowball":68,"minecraft:birch_log":302,"minecraft:magma_block":1,"minecraft:feather":20,"minecraft:cooked_beef":19,"farmersdelight:rice":4,"minecraft:copper_block":1,"minecraft:smoker":3,"minecraft:flint":25,"create:cinder_flour":528,"farmersdelight:tomato":602,"artifacts:shock_pendant":1,"minecraft:twisting_vines":24,"minecraft:stonecutter":1,"create:shaft":22,"minecraft:moss_block":1,"minecraft:honeycomb":3,"create:gearshift":4,"miners_delight:gossypium":3,"minecraft:warped_wart_block":2114,"minecraft:ink_sac":2,"minecraft:bundle":10,"minecraft:lever":7,"minecraft:granite":69,"minecraft:chainmail_helmet":7,"minecraft:light_gray_carpet":1,"minecraft:crafting_table":21,"minecraft:bee_nest":1,"vinery:taiga_grapes_white":2,"minecraft:golden_pickaxe":1,"minecraft:leather_leggings":1,"create:fluid_pipe":3,"minecraft:flint_and_steel":1,"mysticaloaktree:wise_oak":2,"minecraft:white_carpet":1,"minecraft:beef":217,"vinery:cherry":5,"minecraft:iron_nugget":46,"minecraft:poppy":1,"minecraft:spruce_slab":29,"minecraft:minecart":1,"minecraft:chest":9,"minecraft:birch_sapling":86,"create:clutch":1,"minecraft:egg":2,"minecraft:sandstone":3,"minecraft:stone":14,"farmersdelight:minced_beef":334,"alexsmobs:straddlite":4,"sophisticatedbackpacks:backpack":1,"create_sa:brass_jetpack_chestplate":1,"farmersdelight:tomato_seeds":6,"create:powdered_obsidian":90,"minecraft:carrot":1855,"minecraft:redstone":49,"create:brass_casing":9,"create:vertical_gearbox":3,"minecraft:beetroot_seeds":3,"minecraft:peony":7,"minecraft:diamond_boots":1,"minecraft:hay_block":62,"tombstone:essence_of_undeath":2,"minecraft:gold_ingot":14,"sophisticatedbackpacks:copper_backpack":4,"minecraft:glow_berries":32,"minecraft:mutton":4,"minecraft:white_wool":39,"minecraft:rail":14,"minecraft:oxeye_daisy":1,"minecraft:stripped_oak_log":12,"create:iron_sheet":59,"create:brass_sheet":22,"vinery:rotten_cherry":5,"minecraft:tripwire_hook":2,"create_enchantment_industry:hyper_experience_bottle":1,"wildberries:blackberry":11,"minecraft:oak_log":2473,"minecraft:ancient_debris":3,"minecraft:golden_boots":1,"framedblocks:framed_slab":13,"alexsmobs:mosquito_proboscis":2,"create:crushing_wheel":6,"minecraft:apple":200,"minecraft:kelp":646,"minecraft:warped_stem":684,"tombstone:bag_of_seeds":10,"minecraft:flowering_azalea":2,"create:mechanical_saw":4,"minecraft:smooth_basalt":107,"minecraft:sweet_berries":74,"vinery:taiga_grape_seeds_red":2,"minecraft:gravel":218,"minecraft:spruce_sapling":148,"minecraft:spruce_log":460,"farmersdelight:cabbage_leaf":170,"create:gearbox":6,"minecraft:leather_helmet":2,"create:millstone":2,"hauntedharvest:rotten_apple":9,"create:mechanical_pump":2,"framedblocks:framed_vertical_double_half_stairs":34,"minecraft:warped_roots":42,"minecraft:melon_seeds":4,"minecraft:warped_nylium":1,"minecraft:ender_pearl":2,"minecraft:wheat":1063,"minecraft:warped_stairs":96,"minecraft:raw_copper":407,"minecraft:iron_leggings":1,"minecraft:experience_bottle":2,"alexsmobs:blood_sac":17,"create:mechanical_press":4,"minecraft:bucket":3,"farmersdelight:cabbage":99,"comforts:sleeping_bag_white":155,"create:sturdy_sheet":1,"minecraft:rose_bush":49,"minecraft:calcite":428,"minecraft:azalea":4,"minecraft:iron_pickaxe":1,"farmersdelight:cabbage_seeds":368,"minecraft:furnace":2,"minecraft:stick":662,"create:mechanical_mixer":4,"farmersdelight:rotten_tomato":26,"minecraft:oak_fence":16,"tombstone:decorative_grave_original":1,"minecraft:torch":26,"minecraft:spruce_stairs":5,"minecraft:porkchop":20,"minecraft:pointed_dripstone":35,"tombstone:grave_dust":52,"minecraft:diorite":33,"create:large_cogwheel":15,"minecraft:rotten_flesh":121,"supplementaries:antique_ink":2,"create:asurine":1,"artifacts:panic_necklace":1,"minecraft:obsidian":297,"minecraft:cod":1,"vinery:apple_log":12,"minecraft:cobblestone":2724,"minecraft:enchanting_table":3,"minecraft:pink_petals":1006,"minecraft:leather_chestplate":4,"minecraft:lilac":6,"minecraft:magma_cream":6,"minecraft:cherry_planks":14,"minecraft:andesite":382,"minecraft:golden_leggings":1,"paraglider:spirit_orb":16,"create:belt_connector":3,"minecraft:tuff":24,"create:raw_zinc":97,"supplementaries:flax_seeds":3,"create:incomplete_precision_mechanism":1,"minecraft:lapis_lazuli":27,"minecraft:dirt":7409,"minecraft:name_tag":1,"minecraft:leather_boots":3,"minecraft:glass":14,"minecraft:bone":592,"minecraft:bell":1,"minecraft:raw_gold":18,"minecraft:bow":35,"minecraft:wheat_seeds":3088,"minecraft:cobbled_deepslate_slab":1,"minecraft:fletching_table":4,"minecraft:oak_planks":182,"vinery:taiga_grape_seeds_white":6,"create:cogwheel":9,"minecraft:oak_pressure_plate":1,"snowyspirit:sled_oak":1,"minecraft:sand":52,"minecraft:grass_block":9,"farmersdelight:ham":3,"minecraft:mossy_cobblestone":131,"minecraft:spruce_boat":10,"minecraft:cracked_polished_blackstone_bricks":11,"minecraft:grass":3,"minecraft:bone_meal":1,"minecraft:golden_apple":2,"minecraft:emerald":4,"minecraft:oak_sapling":914,"minecraft:netherrack":3539,"minecraft:oak_leaves":6,"create:white_sail":6,"nethersdelight:hoglin_loin":21,"minecraft:allium":39,"minecraft:chicken":1,"minecraft:brown_mushroom":19,"minecraft:wooden_pickaxe":1,"create:rotation_speed_controller":1,"minecraft:gold_block":23,"minecraft:diamond_horse_armor":3,"alexsmobs:hummingbird_feeder":1,"minecraft:oak_trapdoor":5,"minecraft:moss_carpet":1,"miners_delight:cave_carrot":3,"tombstone:decorative_tombstone":1,"minecraft:blackstone":77,"vinery:apple_tree_sapling":5,"farmersdelight:straw":66,"minecraft:oak_boat":8,"create:basin":3,"minecraft:light_gray_wool":4,"supplementaries:cage":5,"minecraft:lectern":255,"minecraft:tinted_glass":2,"minecraft:sugar_cane":311,"minecraft:spruce_trapdoor":10,"minecraft:cherry_trapdoor":17,"minecraft:raw_iron":110,"create:golden_sheet":4,"minecraft:copper_ingot":196,"minecraft:bowl":1,"minecraft:polished_blackstone_bricks":10,"create:windmill_bearing":1,"create:hand_crank":6,"minecraft:iron_horse_armor":1,"create:zinc_ingot":58,"create:deployer":12,"minecraft:arrow":537,"artifacts:cross_necklace":1,"farmersdelight:rich_soil":2,"minecraft:basalt":203,"minecraft:glow_ink_sac":231,"minecraft:leather":181,"wildberries:blueberries":10,"minecraft:birch_planks":15,"minecraft:ice":138,"minecraft:crimson_fungus":1,"minecraft:yellow_bed":4,"minecraft:gunpowder":11,"create:blaze_burner":4,"farmersdelight:tatami":6,"minecraft:iron_ingot":52,"storagedrawers:oak_full_drawers_1":3,"minecraft:soul_sand":1,"minecraft:book":94,"minecraft:oak_slab":8,"minecraft:warped_fungus":6,"create:large_water_wheel":7,"minecraft:pumpkin":18,"create:attribute_filter":1,"minecraft:quartz":3,"minecraft:dandelion":9,"minecraft:dripstone_block":10,"minecraft:lava_bucket":8,"minecraft:amethyst_shard":332,"minecraft:white_bed":7,"minecraft:gold_ore":7,"artifacts:scarf_of_invisibility":1,"minecraft:spider_eye":10,"minecraft:pumpkin_seeds":4,"create:brass_ingot":13,"minecraft:campfire":1,"minecraft:iron_helmet":1,"minecraft:cherry_sapling":128,"tombstone:magic_scroll":7,"minecraft:coal":49,"minecraft:sunflower":80},"minecraft:broken":{"minecraft:iron_sword":1,"minecraft:stone_hoe":6,"minecraft:iron_axe":3,"minecraft:iron_pickaxe":7,"minecraft:iron_helmet":1,"minecraft:diamond_boots":1,"minecraft:wooden_axe":1,"minecraft:stone_shovel":1,"create:sand_paper":3},"minecraft:killed":{"naturalist:rattlesnake":1,"minecraft:skeleton":444,"alexsmobs:centipede_head":1,"alexsmobs:straddler":9,"minecraft:magma_cube":30,"minecraft:pillager":4,"minecraft:zombie":81,"minecraft:glow_squid":52,"minecraft:cow":78,"alexsmobs:seagull":7,"minecraft:enderman":1,"minecraft:witch":1,"minecraft:spider":21,"minecraft:piglin_brute":18,"artifacts:mimic":4,"minecraft:piglin":29,"minecraft:pig":11,"minecraft:zombie_villager":1,"alexsmobs:stradpole":6,"minecraft:creeper":9,"alexsmobs:crimson_mosquito":31,"minecraft:sheep":3,"minecraft:ghast":1,"alexsmobs:tiger":1,"minecraft:drowned":1,"minecraft:hoglin":9,"minecraft:wither_skeleton":11},"minecraft:custom":{"minecraft:interact_with_crafting_table":1389,"minecraft:open_barrel":187,"goblintraders:trade_with_goblin":6001,"minecraft:bell_ring":869,"minecraft:leave_game":48,"minecraft:time_since_death":83136,"minecraft:damage_blocked_by_shield":1110,"minecraft:play_time":3206843,"minecraft:deaths":61,"minecraft:jump":24406,"minecraft:enchant_item":10,"minecraft:interact_with_furnace":56,"minecraft:traded_with_villager":2738,"minecraft:sleep_in_bed":194,"minecraft:damage_dealt":82608,"tombstone:use_disenchantment":3,"tombstone:undead_killed":538,"minecraft:interact_with_smoker":145,"minecraft:use_cauldron":9,"minecraft:horse_one_cm":6565,"minecraft:interact_with_smithing_table":6,"minecraft:interact_with_anvil":58,"minecraft:inspect_hopper":10,"minecraft:damage_dealt_absorbed":154,"minecraft:sneak_time":111814,"minecraft:total_world_time":3206843,"tombstone:raider_killed":5,"minecraft:interact_with_stonecutter":2,"minecraft:time_since_rest":8416,"minecraft:swim_one_cm":520318,"minecraft:fly_one_cm":16077884,"minecraft:open_chest":2511,"minecraft:fall_one_cm":1022954,"minecraft:animals_bred":398,"minecraft:sprint_one_cm":4667623,"minecraft:drop":555,"minecraft:talked_to_villager":836,"minecraft:walk_on_water_one_cm":313226,"minecraft:crouch_one_cm":310920,"minecraft:mob_kills":874,"minecraft:damage_dealt_resisted":171,"minecraft:climb_one_cm":80576,"minecraft:walk_one_cm":7524220,"tombstone:consume_soul":3,"minecraft:walk_under_water_one_cm":284763,"minecraft:interact_with_grindstone":9,"minecraft:damage_taken":44689,"minecraft:trigger_trapped_chest":4},"minecraft:mined":{"minecraft:white_bed":7,"create:copper_casing":6,"tombstone:decorative_tombstone":1,"create:andesite_casing":21,"minecraft:cherry_log":225,"minecraft:warped_stairs":98,"minecraft:obsidian":102,"minecraft:granite":32,"vinery:taiga_grape_bush_red":1,"wildberries:raspberry_bush_stage_3":6,"minecraft:oak_pressure_plate":1,"create:belt":2,"minecraft:crimson_fungus":1,"create:rotation_speed_controller":1,"minecraft:spawner":8,"minecraft:polished_blackstone_bricks":14,"minecraft:tall_seagrass":1,"minecraft:magma_block":239,"minecraft:cobbled_deepslate":86,"minecraft:fire":38,"minecraft:moss_carpet":1,"minecraft:pumpkin":18,"minecraft:deepslate_lapis_ore":33,"minecraft:fletching_table":4,"minecraft:enchanting_table":3,"vinery:taiga_grape_bush_white":2,"minecraft:cave_vines":1,"minecraft:water_cauldron":4,"minecraft:dirt_path":5,"minecraft:oak_stairs":7,"minecraft:small_amethyst_bud":1,"create:gearshift":5,"create:mechanical_press":4,"farmersdelight:wild_potatoes":1,"minecraft:tripwire":3,"create:cogwheel":9,"minecraft:brown_mushroom":8,"minecraft:kelp_plant":86,"minecraft:smoker":3,"minecraft:amethyst_cluster":63,"minecraft:powder_snow":91,"minecraft:torch":12,"farmersdelight:cabbages":99,"minecraft:glass":7,"minecraft:sugar_cane":173,"wildberries:blackberry_bush_stage_3":2,"minecraft:amethyst_block":86,"create:basin":2,"minecraft:tinted_glass":2,"minecraft:wheat":1084,"storagedrawers:oak_full_drawers_1":3,"create:mechanical_mixer":4,"minecraft:lilac":8,"minecraft:warped_fungus":6,"minecraft:copper_block":1,"minecraft:grass":623,"create:hand_crank":4,"minecraft:smooth_basalt":106,"minecraft:stonecutter":1,"create:clutch":1,"minecraft:deepslate":1288,"create:zinc_ore":270,"create:millstone":2,"minecraft:mossy_cobblestone":67,"farmersdelight:wild_carrots":3,"minecraft:cobbled_deepslate_slab":1,"minecraft:allium":2,"farmersdelight:wild_cabbages":12,"minecraft:moss_block":1,"minecraft:kelp":10,"farmersdelight:wild_onions":18,"minecraft:redstone_ore":15,"create:shaft":19,"minecraft:snow":1,"minecraft:andesite":7129,"minecraft:rail":11,"minecraft:warped_stem":698,"create:deployer":12,"framedblocks:framed_vertical_double_half_stairs":34,"minecraft:white_wool":1,"minecraft:oak_slab":6,"minecraft:light_gray_carpet":1,"minecraft:cherry_planks":14,"minecraft:soul_sand":22,"framedblocks:framed_double_slab":3,"minecraft:dandelion":3,"create:fluid_pipe":3,"create:mechanical_pump":1,"minecraft:warped_roots":43,"minecraft:campfire":1,"minecraft:copper_ore":444,"minecraft:tall_grass":92,"minecraft:deepslate_gold_ore":205,"minecraft:diorite":26,"minecraft:big_dripleaf":1,"minecraft:warped_wart_block":4383,"create:mechanical_saw":4,"alexsmobs:hummingbird_feeder":1,"create:water_wheel_structure":3,"create:blaze_burner":4,"create:gearbox":5,"minecraft:white_carpet":1,"minecraft:spruce_log":460,"minecraft:birch_leaves":20,"create:crushing_wheel":4,"minecraft:gravel":207,"minecraft:sunflower":22,"minecraft:dripstone_block":11,"minecraft:cobweb":15,"minecraft:gold_ore":45,"minecraft:infested_stone":1,"minecraft:fern":3,"miners_delight:wild_cave_carrots":2,"minecraft:large_amethyst_bud":8,"create:deepslate_zinc_ore":222,"minecraft:spruce_planks":10,"farmersdelight:rich_soil":2,"minecraft:oak_sapling":71,"tombstone:decorative_grave_original":1,"minecraft:cherry_trapdoor":17,"minecraft:spruce_trapdoor":10,"minecraft:cave_vines_plant":1,"minecraft:budding_amethyst":5,"minecraft:grass_block":3543,"moyai:moyai":10,"minecraft:cracked_polished_blackstone_bricks":11,"minecraft:soul_soil":12,"vinery:apple_log":12,"comforts:sleeping_bag_white":3,"minecraft:raw_iron_block":2,"farmersdelight:wild_rice":4,"minecraft:iron_ore":859,"minecraft:anvil":1,"create:asurine":1,"minecraft:pointed_dripstone":11,"supplementaries:stick":3,"minecraft:red_tulip":1,"minecraft:azalea":1,"minecraft:spruce_slab":26,"minecraft:deepslate_redstone_ore":143,"minecraft:blackstone":110,"minecraft:medium_amethyst_bud":4,"wildberries:blueberry_bush_stage_3":4,"minecraft:calcite":366,"minecraft:poppy":1,"minecraft:chest":7,"supplementaries:wild_flax":3,"farmersdelight:brown_mushroom_colony":2,"create:brass_casing":6,"minecraft:nether_quartz_ore":385,"minecraft:cobblestone":246,"minecraft:oak_planks":78,"minecraft:wall_torch":6,"minecraft:deepslate_copper_ore":54,"create:large_water_wheel":4,"minecraft:pink_petals":147,"minecraft:seagrass":2,"minecraft:warped_nylium":16,"farmersdelight:sandy_shrub":5,"minecraft:warped_planks":72,"minecraft:birch_log":305,"minecraft:tnt":3,"create:spout":1,"minecraft:oak_log":1759,"minecraft:sand":56,"minecraft:dirt":3081,"minecraft:tripwire_hook":1,"minecraft:netherrack":4643,"minecraft:ancient_debris":3,"minecraft:oak_leaves":61,"framedblocks:framed_slab":7,"minecraft:nether_gold_ore":25,"minecraft:tuff":116,"farmersdelight:onions":310,"minecraft:deepslate_diamond_ore":47,"minecraft:lever":5,"create:large_cogwheel":2,"create:ochrum":3,"minecraft:spruce_leaves":20,"minecraft:sandstone":3,"minecraft:hay_block":62,"minecraft:oak_trapdoor":5,"minecraft:spruce_sapling":54,"minecraft:furnace":2,"minecraft:carrots":440,"miners_delight:gossypium":1,"minecraft:nether_sprouts":24,"create:white_sail":6,"create:windmill_bearing":1,"minecraft:peony":8,"minecraft:gold_block":23,"minecraft:bell":1,"minecraft:bookshelf":33,"minecraft:shroomlight":140,"minecraft:deepslate_iron_ore":596,"minecraft:stripped_oak_log":12,"minecraft:stone":1826,"minecraft:podzol":1,"minecraft:flowering_azalea":2,"hauntedharvest:carved_pumpkin":1,"minecraft:snow_block":3,"minecraft:basalt":123,"minecraft:oak_fence":17,"minecraft:crafting_table":20,"mysticaloaktree:wise_oak":2,"minecraft:rose_bush":17,"minecraft:lectern":255,"minecraft:lapis_ore":17,"supplementaries:cage":5,"supplementaries:urn":11,"minecraft:spruce_stairs":5,"farmersdelight:wild_beetroots":2,"minecraft:birch_planks":15,"minecraft:sweet_berry_bush":17,"minecraft:ice":229,"minecraft:bee_nest":1,"minecraft:yellow_bed":4,"farmersdelight:tatami":6,"minecraft:coal_ore":643,"minecraft:warped_slab":221,"paraglider:goddess_statue":1},"minecraft:used":{"create:deployer":26,"sophisticatedbackpacks:copper_backpack":3,"minecraft:spruce_slab":233,"minecraft:ladder":6,"farmersdelight:cabbage_seeds":329,"minecraft:chest":73,"minecraft:stone":11,"minecraft:rotten_flesh":2,"create:fluid_tank":117,"minecraft:soul_sand":1,"create:white_sail":30,"create:mechanical_crafter":22,"create:depot":22,"minecraft:snowball":34,"minecraft:spruce_boat":10,"minecraft:lava_bucket":45,"minecraft:netherite_shovel":2813,"minecraft:grass_block":6,"minecraft:copper_ore":9,"create:steam_engine":10,"minecraft:bow":10,"minecraft:furnace":5,"create:shaft":226,"create:rotation_speed_controller":9,"minecraft:oak_sapling":23,"minecraft:sweet_berries":3,"supplementaries:ash":3,"minecraft:egg":1,"farmersdelight:hamburger":89,"minecraft:powered_rail":10,"minecraft:wooden_pickaxe":40,"minecraft:composter":1,"minecraft:oak_leaves":2,"create:spout":11,"minecraft:golden_apple":1,"minecraft:glow_berries":20,"minecraft:sand":7,"farmersdelight:tatami":14,"minecraft:blast_furnace":1,"framedblocks:framing_saw":1,"minecraft:lectern":259,"minecraft:oak_pressure_plate":1,"wildberries:blueberries":6,"minecraft:diamond_sword":817,"create:basin":7,"minecraft:smithing_table":2,"minecraft:birch_log":6,"minecraft:ice":99,"minecraft:oak_boat":9,"miners_delight:gossypium":3,"minecraft:oak_trapdoor":27,"vinery:apple_log":2,"create_enchantment_industry:disenchanter":6,"minecraft:stone_sword":120,"minecraft:enchanting_table":4,"framedblocks:framed_slab":190,"minecraft:light_gray_carpet":1,"minecraft:tinted_glass":139,"minecraft:netherrack":420,"minecraft:torch":145,"minecraft:warped_wart_block":109,"minecraft:anvil":1,"tombstone:decorative_tombstone":2,"minecraft:oak_fence_gate":266,"minecraft:flowering_azalea":1,"create:wrench":1053,"create:gearbox":66,"minecraft:iron_axe":1040,"minecraft:spawner":5,"minecraft:barrel":9,"minecraft:smooth_basalt":6,"minecraft:basalt":3,"minecraft:tripwire_hook":2,"minecraft:warped_stairs":469,"minecraft:beef":1,"farmersdelight:tomato_seeds":230,"minecraft:cobbled_deepslate":363,"tombstone:gift":8,"create:fluid_pipe":36,"comforts:sleeping_bag_white":155,"minecraft:pointed_dripstone":6,"create:belt_connector":109,"create:smart_fluid_pipe":4,"minecraft:calcite":79,"minecraft:wheat_seeds":1312,"minecraft:water_bucket":216,"farmersdelight:iron_knife":342,"minecraft:warped_stem":12,"minecraft:birch_planks":15,"create:brass_tunnel":3,"minecraft:cherry_planks":14,"minecraft:cauldron":4,"minecraft:fletching_table":9,"minecraft:gold_ore":7,"create:furnace_minecart_contraption":2,"create:blaze_burner":14,"minecraft:polished_blackstone_bricks":9,"minecraft:mossy_cobblestone":3,"minecraft:rail":54,"minecraft:crafting_table":42,"minecraft:oak_slab":14,"minecraft:cod":5,"minecraft:white_bed":16,"minecraft:campfire":3,"minecraft:spruce_log":28,"minecraft:oak_log":913,"minecraft:diamond_pickaxe":19309,"minecraft:diamond_shovel":3708,"vinery:rotten_cherry":5,"minecraft:sunflower":10,"minecraft:iron_pickaxe":2010,"minecraft:spruce_trapdoor":53,"create:mechanical_arm":138,"minecraft:spruce_sapling":24,"minecraft:cobblestone":360,"create_sa:portable_drill":2,"vinery:cherry":2,"minecraft:cooked_porkchop":3,"vinery:apple_tree_sapling":5,"create:clutch":1,"minecraft:stripped_oak_log":11,"minecraft:kelp":30,"minecraft:dandelion":5,"minecraft:oak_sign":2,"create:portable_storage_interface":3,"minecraft:shield":19,"minecraft:iron_sword":240,"minecraft:bell":1,"minecraft:grass":3,"create:mechanical_bearing":1,"create:cogwheel":104,"minecraft:carrot":7851,"minecraft:furnace_minecart":2,"minecraft:beehive":1,"minecraft:obsidian":21,"minecraft:glow_squid_spawn_egg":5,"create_enchantment_industry:printer":3,"minecraft:glass":347,"minecraft:lantern":16,"create:millstone":2,"mysticaloaktree:wise_oak":1,"minecraft:hopper_minecart":2,"farmersdelight:cutting_board":1,"minecraft:magma_block":46,"minecraft:warped_fungus":6,"create:mechanical_drill":90,"minecraft:diamond_boots":2,"create:crushing_wheel":9,"minecraft:stone_pickaxe":306,"minecraft:oak_planks":290,"minecraft:ender_pearl":1,"minecraft:sandstone":3,"minecraft:sugar_cane":48,"minecraft:diamond_axe":8772,"create:mechanical_saw":8,"minecraft:white_wool":1,"farmersdelight:cod_roll":1,"minecraft:shears":4,"vinery:grass_slab":6,"minecraft:lever":30,"minecraft:bread":12,"minecraft:string":9,"minecraft:warped_slab":739,"tombstone:grave_key":2181,"minecraft:gravel":85,"create:asurine":1,"create:andesite_casing":1,"minecraft:grindstone":1,"minecraft:andesite":90,"create:vertical_gearbox":20,"minecraft:bone_meal":1660,"create:large_cogwheel":56,"minecraft:experience_bottle":66,"minecraft:oak_fence":123,"storagedrawers:oak_full_drawers_1":19,"minecraft:rose_bush":1,"minecraft:flint_and_steel":2,"minecraft:stone_shovel":215,"minecraft:spruce_planks":62,"farmersdelight:rich_soil":2,"minecraft:stone_hoe":929,"create:mechanical_pump":39,"minecraft:dirt":2181,"create:mechanical_mixer":6,"minecraft:white_carpet":1,"minecraft:hopper":9,"minecraft:spruce_stairs":76,"create:mechanical_plough":1,"minecraft:bee_nest":1,"minecraft:spruce_fence":13,"minecraft:wooden_axe":66,"framedblocks:framed_vertical_double_half_stairs":34,"minecraft:bookshelf":33,"minecraft:oak_stairs":7,"create:hose_pulley":2,"minecraft:cherry_trapdoor":57,"create:cart_assembler":4,"alexsmobs:kangaroo_burger":47,"minecraft:golden_carrot":38,"alexsmobs:hummingbird_feeder":15,"minecraft:netherite_pickaxe":144,"minecraft:minecart":1,"minecraft:cooked_beef":44,"minecraft:light_gray_bed":1,"minecraft:pumpkin":4,"create:gearshift":17,"tombstone:decorative_grave_original":2,"minecraft:cooked_mutton":4,"minecraft:iron_ore":20,"wildberries:blackberry":1,"minecraft:amethyst_block":22,"create:empty_blaze_burner":2,"minecraft:copper_block":1,"minecraft:brown_mushroom":4,"create_enchantment_industry:hyper_experience_bottle":2,"minecraft:stonecutter":1,"minecraft:warped_roots":24,"create:item_drain":6,"farmersdelight:onion":888,"create:brass_funnel":8,"minecraft:smoker":8,"minecraft:warped_planks":574,"tombstone:bag_of_seeds":1,"create:linear_chassis":126,"supplementaries:cage":44,"minecraft:apple":223,"create:mechanical_press":6,"minecraft:cracked_polished_blackstone_bricks":3,"create:windmill_bearing":2,"minecraft:chicken":1,"create_sa:block_picker":112,"create:large_water_wheel":24,"minecraft:pink_petals":152,"minecraft:crimson_fungus":1,"minecraft:cobbled_deepslate_slab":3,"minecraft:bucket":264,"minecraft:yellow_bed":4,"create:hand_crank":9},"minecraft:killed_by":{"minecraft:zombie_villager":1,"minecraft:piglin_brute":6,"minecraft:pillager":1,"alexsmobs:straddler":3,"minecraft:magma_cube":4,"minecraft:zombie":4,"alexsmobs:tiger":1,"alexsmobs:centipede_head":1,"minecraft:wither_skeleton":5,"minecraft:creeper":3,"alexsmobs:bone_serpent":1,"minecraft:spider":1,"minecraft:enderman":1,"alexsmobs:gelada_monkey":1,"minecraft:skeleton":4,"alexsmobs:crimson_mosquito":1},"minecraft:crafted":{"minecraft:smooth_stone":3,"minecraft:chainmail_helmet":8,"minecraft:oak_sign":3,"create:brass_nugget":9,"sophisticatedbackpacks:anvil_upgrade":1,"minecraft:lever":31,"minecraft:diamond_shovel":4,"minecraft:bookshelf":35,"minecraft:cooked_mutton":4,"minecraft:iron_bars":80,"create:rotation_speed_controller":5,"minecraft:glass":1365,"minecraft:diamond_helmet":4,"minecraft:diamond_leggings":2,"minecraft:netherite_boots":1,"create:mechanical_press":1,"minecraft:dried_kelp_block":22,"create:brass_funnel":6,"create:cogwheel":421,"minecraft:name_tag":4,"create:mechanical_plough":1,"minecraft:warped_stairs":440,"minecraft:glass_bottle":102,"minecraft:furnace_minecart":1,"create:rose_quartz":27,"minecraft:emerald":2406,"create_sa:large_filling_tank":6,"minecraft:cooked_porkchop":3,"minecraft:diamond_axe":1,"farmersdelight:iron_knife":4,"create_sa:brass_pickaxe":1,"supplementaries:cage":24,"storagedrawers:oak_full_drawers_1":17,"minecraft:smithing_table":2,"minecraft:copper_ingot":6300,"minecraft:fletching_table":5,"create:attribute_filter":1,"minecraft:campfire":2,"minecraft:polished_deepslate_slab":2,"create:mechanical_mixer":2,"create:clutch":1,"farmersdelight:beef_patty":320,"minecraft:light_gray_bed":1,"create:gearbox":29,"create:encased_fan":2,"minecraft:lectern":4,"minecraft:stone_slab":2,"vinery:grass_slab":6,"minecraft:iron_pickaxe":9,"minecraft:iron_block":514,"minecraft:gold_ingot":879,"create:large_cogwheel":125,"create:propeller":18,"minecraft:netherite_ingot":9,"minecraft:composter":1,"storagedrawers:upgrade_template":4,"tombstone:book_of_disenchantment":3,"minecraft:stone_shovel":12,"create:wrench":1,"minecraft:iron_nugget":3824,"create:white_sail":26,"minecraft:experience_bottle":66,"comforts:sleeping_bag_white":1,"minecraft:tinted_glass":156,"minecraft:bone_meal":1488,"minecraft:spruce_fence":18,"storagedrawers:emerald_storage_upgrade":4,"minecraft:cherry_trapdoor":48,"minecraft:lantern":64,"minecraft:spruce_stairs":92,"minecraft:ladder":6,"minecraft:spruce_slab":342,"minecraft:stone_pickaxe":4,"minecraft:diamond_boots":4,"minecraft:spruce_boat":1,"create:hose_pulley":1,"create:electron_tube":27,"create:belt_connector":26,"create:windmill_bearing":1,"create_enchantment_industry:printer":2,"minecraft:wheat":558,"minecraft:coal_block":57,"farmersdelight:hamburger":170,"minecraft:netherite_pickaxe":1,"minecraft:enchanting_table":1,"create:brass_tunnel":2,"minecraft:dried_kelp":370,"create:dough":2,"create:goggles":1,"create_sa:small_filling_tank":7,"sophisticatedbackpacks:gold_backpack":1,"framedblocks:framed_vertical_double_half_stairs":39,"create:andesite_alloy_block":155,"minecraft:enchanted_book":26,"minecraft:oak_fence_gate":282,"create:mechanical_arm":2,"alexsmobs:hummingbird_feeder":16,"minecraft:chainmail_boots":12,"minecraft:wooden_axe":1,"framedblocks:framed_slab":165,"minecraft:iron_shovel":3,"minecraft:iron_leggings":1,"minecraft:white_bed":9,"create:shaft":576,"create_sa:brass_drill_head":1,"minecraft:grindstone":1,"minecraft:oak_planks":37596,"minecraft:barrel":338,"farmersdelight:canvas":8,"toolbelt:pouch":1,"minecraft:stone":47,"tombstone:decorative_tombstone":1,"create_sa:portable_drill":1,"create:mechanical_bearing":1,"create:deployer":12,"minecraft:warped_planks":1816,"minecraft:green_dye":27,"minecraft:hopper":10,"minecraft:bow":14,"minecraft:iron_boots":1,"minecraft:raw_copper":774,"create:cart_assembler":1,"tombstone:grave_key":24,"minecraft:netherite_helmet":1,"minecraft:chest":96,"create:spout":5,"minecraft:copper_block":578,"minecraft:netherite_upgrade_smithing_template":12,"framedblocks:framing_saw":1,"minecraft:rail":80,"minecraft:stone_hoe":8,"minecraft:oak_fence":123,"create:brass_hand":12,"minecraft:raw_iron_block":41,"minecraft:smoker":6,"farmersdelight:tomato_seeds":222,"tombstone:decorative_grave_original":1,"create:depot":8,"minecraft:oak_slab":1020,"sophisticatedbackpacks:backpack":1,"minecraft:crafting_table":32,"minecraft:spruce_planks":880,"create:mechanical_saw":4,"create:fluid_pipe":80,"minecraft:wooden_pickaxe":2,"minecraft:iron_helmet":1,"create:sand_paper":8,"minecraft:gold_block":80,"minecraft:hopper_minecart":1,"create:gearshift":9,"minecraft:birch_planks":360,"farmersdelight:tatami":8,"sophisticatedbackpacks:upgrade_base":1,"create_sa:block_picker":1,"farmersdelight:cutting_board":1,"minecraft:spruce_trapdoor":90,"minecraft:iron_chestplate":1,"minecraft:book":19,"minecraft:paper":66,"create:water_wheel":13,"minecraft:diamond_pickaxe":8,"minecraft:emerald_block":22,"minecraft:shield":1,"create:portable_storage_interface":2,"create:super_glue":1,"minecraft:stick":65023,"minecraft:warped_slab":642,"create:mechanical_pump":14,"minecraft:iron_ingot":5781,"minecraft:stone_sword":1,"create_sa:medium_filling_tank":6,"minecraft:shears":4,"create:empty_blaze_burner":10,"create:chute":8,"minecraft:cherry_planks":164,"create_sa:large_fueling_tank":6,"minecraft:cobbled_deepslate_slab":6,"toolbelt:belt":1,"minecraft:raw_iron":513,"minecraft:coal":279,"minecraft:tripwire_hook":2,"create:steam_engine":12,"minecraft:beehive":1,"minecraft:furnace":11,"minecraft:blast_furnace":1,"create_sa:medium_fueling_tank":6,"minecraft:raw_copper_block":86,"minecraft:oak_trapdoor":92,"minecraft:flint_and_steel":2,"minecraft:netherite_chestplate":1,"minecraft:netherite_leggings":1,"minecraft:polished_deepslate":4,"minecraft:iron_axe":7,"minecraft:slime_ball":2,"create:millstone":1,"minecraft:lime_dye":2,"create:fluid_tank":302,"create:basin":2,"minecraft:netherite_scrap":37,"minecraft:minecart":2,"sophisticatedbackpacks:iron_backpack":1,"minecraft:cooked_beef":32,"minecraft:sugar":79,"paraglider:paraglider":1,"minecraft:cooked_cod":27,"create:andesite_alloy":2333,"create:hand_crank":2,"minecraft:diamond_sword":5,"create_enchantment_industry:disenchanter":2,"minecraft:powered_rail":12,"create:large_water_wheel":13,"create:item_drain":1,"minecraft:bucket":22,"minecraft:air":0,"minecraft:bread":170,"minecraft:oak_boat":3,"create_sa:copper_magnet":1,"minecraft:white_wool":6,"create:whisk":2,"framedblocks:framed_cube":160,"minecraft:white_dye":2,"minecraft:raw_gold":18,"minecraft:netherite_shovel":1,"create:linear_chassis":120,"tombstone:dark_marble":15,"create:mechanical_crafter":24,"minecraft:anvil":3,"create_sa:small_fueling_tank":6,"create:mechanical_drill":90,"minecraft:torch":264,"create:smart_fluid_pipe":1,"create:zinc_ingot":126,"minecraft:diamond_chestplate":2}},"DataVersion":3465}