{"stats":{"minecraft:broken":{"minecraft:iron_sword":1,"minecraft:stone_hoe":6,"minecraft:iron_axe":3,"minecraft:iron_pickaxe":7,"minecraft:iron_helmet":1,"minecraft:wooden_axe":1,"minecraft:stone_shovel":1,"create:sand_paper":1},"minecraft:picked_up":{"minecraft:chainmail_boots":7,"minecraft:lead":17,"minecraft:diamond_sword":1,"minecraft:oak_stairs":7,"minecraft:amethyst_block":63,"paraglider:goddess_statue":1,"minecraft:string":41,"wildberries:raspberry":15,"moyai:moyai":10,"minecraft:shroomlight":2,"minecraft:cobbled_deepslate":1110,"minecraft:golden_helmet":1,"create:andesite_casing":11,"minecraft:cherry_log":204,"minecraft:warped_planks":4,"minecraft:cauldron":4,"farmersdelight:onion":426,"farmersdelight:rope":9,"minecraft:bookshelf":1,"hauntedharvest:carved_pumpkin":1,"supplementaries:quiver":2,"supplementaries:ash":22,"minecraft:snowball":68,"minecraft:birch_log":102,"minecraft:feather":2,"minecraft:cooked_beef":19,"farmersdelight:rice":4,"minecraft:smoker":3,"minecraft:flint":13,"farmersdelight:tomato":105,"minecraft:stonecutter":1,"create:shaft":1,"miners_delight:gossypium":3,"minecraft:warped_wart_block":170,"minecraft:ink_sac":2,"minecraft:bundle":8,"minecraft:lever":2,"minecraft:granite":3,"minecraft:chainmail_helmet":7,"minecraft:light_gray_carpet":1,"minecraft:crafting_table":17,"vinery:taiga_grapes_white":2,"minecraft:golden_pickaxe":1,"minecraft:flint_and_steel":1,"mysticaloaktree:wise_oak":2,"minecraft:white_carpet":1,"minecraft:beef":50,"vinery:cherry":5,"minecraft:poppy":1,"minecraft:iron_nugget":18,"minecraft:spruce_slab":22,"minecraft:chest":7,"minecraft:birch_sapling":27,"minecraft:egg":2,"minecraft:sandstone":3,"sophisticatedbackpacks:backpack":1,"farmersdelight:tomato_seeds":6,"minecraft:carrot":986,"minecraft:redstone":1,"minecraft:beetroot_seeds":3,"minecraft:peony":7,"minecraft:hay_block":62,"tombstone:essence_of_undeath":2,"minecraft:gold_ingot":12,"sophisticatedbackpacks:copper_backpack":1,"minecraft:mutton":4,"minecraft:white_wool":21,"minecraft:stripped_oak_log":2,"create:iron_sheet":34,"create:brass_sheet":16,"vinery:rotten_cherry":5,"minecraft:tripwire_hook":2,"wildberries:blackberry":9,"minecraft:oak_log":1574,"minecraft:apple":165,"minecraft:kelp":315,"minecraft:warped_stem":58,"tombstone:bag_of_seeds":8,"create:mechanical_saw":4,"minecraft:smooth_basalt":106,"minecraft:sweet_berries":74,"vinery:taiga_grape_seeds_red":2,"minecraft:gravel":90,"minecraft:spruce_sapling":86,"minecraft:spruce_log":451,"minecraft:leather_helmet":1,"create:millstone":2,"hauntedharvest:rotten_apple":8,"minecraft:melon_seeds":4,"minecraft:wheat":20,"minecraft:raw_copper":14,"minecraft:iron_leggings":1,"create:mechanical_press":3,"farmersdelight:cabbage":19,"comforts:sleeping_bag_white":63,"minecraft:rose_bush":49,"minecraft:calcite":419,"minecraft:iron_pickaxe":1,"farmersdelight:cabbage_seeds":62,"minecraft:furnace":2,"minecraft:stick":416,"create:mechanical_mixer":2,"farmersdelight:rotten_tomato":1,"minecraft:oak_fence":16,"minecraft:torch":16,"minecraft:spruce_stairs":4,"minecraft:porkchop":20,"minecraft:pointed_dripstone":6,"tombstone:grave_dust":33,"minecraft:diorite":15,"create:large_cogwheel":1,"minecraft:rotten_flesh":36,"supplementaries:antique_ink":2,"create:asurine":1,"minecraft:cod":1,"minecraft:obsidian":5,"vinery:apple_log":12,"minecraft:cobblestone":673,"minecraft:enchanting_table":3,"minecraft:pink_petals":943,"minecraft:leather_chestplate":2,"minecraft:lilac":6,"minecraft:cherry_planks":14,"minecraft:andesite":77,"minecraft:golden_leggings":1,"paraglider:spirit_orb":4,"minecraft:tuff":16,"create:raw_zinc":22,"supplementaries:flax_seeds":3,"minecraft:dirt":2212,"minecraft:name_tag":1,"minecraft:leather_boots":2,"minecraft:bone":383,"minecraft:bow":26,"minecraft:wheat_seeds":90,"minecraft:raw_gold":2,"minecraft:cobbled_deepslate_slab":1,"minecraft:fletching_table":4,"minecraft:oak_planks":63,"vinery:taiga_grape_seeds_white":6,"create:cogwheel":1,"minecraft:oak_pressure_plate":1,"snowyspirit:sled_oak":1,"minecraft:sand":16,"minecraft:grass_block":4,"farmersdelight:ham":3,"minecraft:mossy_cobblestone":128,"minecraft:spruce_boat":10,"minecraft:bone_meal":1,"minecraft:grass":1,"minecraft:golden_apple":2,"minecraft:emerald":4,"minecraft:oak_sapling":445,"minecraft:netherrack":30,"minecraft:oak_leaves":1,"create:white_sail":6,"minecraft:allium":39,"minecraft:chicken":1,"minecraft:brown_mushroom":19,"minecraft:wooden_pickaxe":1,"minecraft:diamond_horse_armor":3,"minecraft:oak_trapdoor":2,"miners_delight:cave_carrot":3,"vinery:apple_tree_sapling":5,"farmersdelight:straw":2,"minecraft:oak_boat":8,"minecraft:lectern":33,"supplementaries:cage":2,"minecraft:sugar_cane":138,"minecraft:spruce_trapdoor":2,"minecraft:raw_iron":15,"create:golden_sheet":4,"minecraft:bowl":1,"create:windmill_bearing":1,"create:hand_crank":5,"minecraft:iron_horse_armor":1,"create:deployer":9,"minecraft:arrow":331,"farmersdelight:rich_soil":2,"minecraft:basalt":2,"minecraft:glow_ink_sac":6,"minecraft:leather":45,"wildberries:blueberries":10,"minecraft:birch_planks":15,"minecraft:gunpowder":9,"minecraft:yellow_bed":4,"create:blaze_burner":1,"minecraft:iron_ingot":16,"minecraft:soul_sand":1,"minecraft:book":27,"minecraft:oak_slab":1,"create:large_water_wheel":5,"minecraft:pumpkin":14,"minecraft:dandelion":2,"minecraft:amethyst_shard":172,"minecraft:white_bed":7,"artifacts:scarf_of_invisibility":1,"minecraft:pumpkin_seeds":4,"create:brass_ingot":13,"minecraft:cherry_sapling":115,"tombstone:magic_scroll":5,"minecraft:coal":38,"minecraft:sunflower":63},"minecraft:dropped":{"minecraft:cooked_beef":1,"minecraft:iron_pickaxe":1,"minecraft:bone":13,"minecraft:iron_nugget":18,"minecraft:cobbled_deepslate":5,"minecraft:birch_sapling":1,"minecraft:wheat":281,"minecraft:rotten_flesh":20,"farmersdelight:tomato_seeds":4,"minecraft:iron_ingot":50,"minecraft:wheat_seeds":17,"minecraft:granite":3,"minecraft:chainmail_helmet":14,"minecraft:golden_apple":1,"minecraft:diamond_horse_armor":1,"minecraft:rose_bush":47,"minecraft:string":10,"create:raw_zinc":22,"farmersdelight:straw":2,"minecraft:pumpkin_seeds":2,"minecraft:diamond_sword":1,"minecraft:allium":4,"minecraft:bundle":1,"create:zinc_ingot":30,"tombstone:bag_of_seeds":3,"minecraft:snowball":34,"farmersdelight:onion":2,"minecraft:gold_ingot":14,"minecraft:gravel":2,"minecraft:carrot":670,"supplementaries:ash":20,"minecraft:gunpowder":1,"minecraft:chainmail_boots":14,"create:brass_ingot":29,"minecraft:arrow":11,"minecraft:oak_leaves":1,"minecraft:mossy_cobblestone":64,"minecraft:copper_ingot":30,"minecraft:diorite":5,"tombstone:grave_dust":2,"minecraft:smooth_basalt":2,"minecraft:raw_copper":28,"minecraft:tuff":105,"minecraft:flint_and_steel":1,"minecraft:filled_map":1,"minecraft:andesite":214,"minecraft:stone_pickaxe":1,"minecraft:wooden_pickaxe":3,"minecraft:calcite":192},"minecraft:used":{"create:deployer":13,"minecraft:spruce_slab":188,"minecraft:ladder":6,"sophisticatedbackpacks:copper_backpack":1,"farmersdelight:cabbage_seeds":62,"minecraft:chest":37,"minecraft:rotten_flesh":2,"minecraft:soul_sand":1,"create:white_sail":30,"minecraft:snowball":34,"minecraft:spruce_boat":10,"minecraft:lava_bucket":18,"minecraft:grass_block":1,"minecraft:bow":10,"minecraft:sweet_berries":3,"create:shaft":1,"minecraft:furnace":4,"minecraft:oak_sapling":6,"minecraft:egg":1,"minecraft:wooden_pickaxe":40,"minecraft:composter":1,"minecraft:golden_apple":1,"minecraft:sand":7,"minecraft:blast_furnace":1,"minecraft:lectern":36,"minecraft:oak_pressure_plate":1,"wildberries:blueberries":6,"minecraft:diamond_sword":126,"create:basin":1,"minecraft:smithing_table":1,"minecraft:birch_log":6,"minecraft:oak_boat":9,"miners_delight:gossypium":3,"vinery:apple_log":2,"minecraft:oak_trapdoor":3,"minecraft:enchanting_table":4,"minecraft:stone_sword":120,"minecraft:light_gray_carpet":1,"minecraft:netherrack":23,"minecraft:torch":88,"minecraft:warped_wart_block":44,"minecraft:anvil":1,"tombstone:decorative_tombstone":1,"minecraft:oak_fence_gate":2,"create:wrench":73,"create:gearbox":1,"minecraft:iron_axe":1040,"minecraft:smooth_basalt":6,"minecraft:tripwire_hook":2,"minecraft:beef":1,"tombstone:gift":8,"comforts:sleeping_bag_white":63,"farmersdelight:tomato_seeds":113,"minecraft:cobbled_deepslate":343,"minecraft:wheat_seeds":70,"farmersdelight:iron_knife":37,"minecraft:water_bucket":166,"minecraft:birch_planks":15,"minecraft:cherry_planks":14,"minecraft:fletching_table":9,"create:blaze_burner":2,"minecraft:oak_slab":1,"minecraft:crafting_table":29,"minecraft:white_bed":10,"minecraft:cod":5,"minecraft:oak_log":477,"minecraft:diamond_pickaxe":3266,"minecraft:diamond_shovel":1960,"vinery:rotten_cherry":5,"minecraft:sunflower":9,"minecraft:iron_pickaxe":2010,"minecraft:spruce_trapdoor":37,"minecraft:spruce_sapling":24,"minecraft:cobblestone":136,"vinery:cherry":2,"minecraft:cooked_porkchop":3,"vinery:apple_tree_sapling":5,"minecraft:stripped_oak_log":1,"minecraft:kelp":30,"minecraft:dandelion":1,"minecraft:oak_sign":2,"create:portable_storage_interface":3,"minecraft:shield":19,"minecraft:iron_sword":240,"minecraft:grass":1,"create:mechanical_bearing":1,"create:cogwheel":3,"minecraft:carrot":5470,"minecraft:lantern":16,"create:millstone":2,"mysticaloaktree:wise_oak":1,"minecraft:stone_pickaxe":306,"minecraft:oak_planks":200,"minecraft:sandstone":3,"minecraft:diamond_axe":1375,"minecraft:sugar_cane":46,"create:mechanical_saw":8,"minecraft:white_wool":1,"farmersdelight:cod_roll":1,"minecraft:shears":3,"minecraft:lever":2,"vinery:grass_slab":6,"minecraft:bread":3,"minecraft:string":9,"tombstone:grave_key":7,"create:andesite_casing":1,"minecraft:gravel":85,"create:asurine":1,"minecraft:grindstone":1,"minecraft:andesite":89,"minecraft:bone_meal":892,"create:large_cogwheel":2,"minecraft:oak_fence":107,"minecraft:rose_bush":1,"minecraft:flint_and_steel":1,"minecraft:stone_shovel":215,"minecraft:spruce_planks":19,"farmersdelight:rich_soil":2,"minecraft:stone_hoe":929,"minecraft:dirt":1543,"create:mechanical_mixer":3,"minecraft:white_carpet":1,"minecraft:hopper":8,"minecraft:spruce_stairs":55,"minecraft:spruce_fence":13,"minecraft:wooden_axe":66,"minecraft:bookshelf":10,"minecraft:oak_stairs":7,"minecraft:golden_carrot":38,"alexsmobs:hummingbird_feeder":14,"minecraft:cooked_beef":44,"wildberries:blackberry":1,"minecraft:brown_mushroom":4,"minecraft:stonecutter":1,"farmersdelight:onion":367,"minecraft:smoker":4,"minecraft:warped_planks":196,"create:linear_chassis":15,"minecraft:apple":149,"supplementaries:cage":11,"create:mechanical_press":4,"create:windmill_bearing":2,"minecraft:chicken":1,"create:large_water_wheel":6,"minecraft:pink_petals":94,"minecraft:cobbled_deepslate_slab":3,"minecraft:bucket":188,"minecraft:yellow_bed":4,"create:hand_crank":6},"minecraft:custom":{"minecraft:interact_with_crafting_table":421,"goblintraders:trade_with_goblin":383,"minecraft:bell_ring":829,"minecraft:leave_game":9,"minecraft:time_since_death":336247,"minecraft:damage_blocked_by_shield":1110,"minecraft:play_time":1262597,"minecraft:deaths":22,"minecraft:jump":17407,"minecraft:enchant_item":1,"minecraft:interact_with_furnace":38,"minecraft:traded_with_villager":882,"minecraft:sleep_in_bed":79,"minecraft:damage_dealt":24857,"tombstone:undead_killed":377,"minecraft:interact_with_smoker":17,"minecraft:horse_one_cm":6565,"minecraft:interact_with_smithing_table":1,"minecraft:interact_with_anvil":58,"minecraft:inspect_hopper":4,"minecraft:damage_dealt_absorbed":154,"minecraft:sneak_time":33850,"minecraft:total_world_time":1262597,"tombstone:raider_killed":1,"minecraft:interact_with_stonecutter":2,"minecraft:time_since_rest":12252,"minecraft:swim_one_cm":194123,"minecraft:fly_one_cm":3042154,"minecraft:open_chest":784,"minecraft:fall_one_cm":447640,"minecraft:animals_bred":72,"minecraft:sprint_one_cm":2780357,"minecraft:drop":173,"minecraft:talked_to_villager":243,"minecraft:walk_on_water_one_cm":200084,"minecraft:crouch_one_cm":124883,"minecraft:mob_kills":445,"minecraft:damage_dealt_resisted":171,"minecraft:climb_one_cm":25263,"minecraft:walk_one_cm":3201415,"minecraft:walk_under_water_one_cm":112589,"minecraft:damage_taken":13577},"minecraft:killed_by":{"minecraft:zombie_villager":1,"minecraft:zombie":4,"alexsmobs:tiger":1,"minecraft:wither_skeleton":1,"minecraft:creeper":2,"minecraft:spider":1,"minecraft:enderman":1,"alexsmobs:gelada_monkey":1,"minecraft:skeleton":4},"minecraft:crafted":{"minecraft:smooth_stone":3,"minecraft:chainmail_helmet":8,"minecraft:oak_sign":3,"sophisticatedbackpacks:anvil_upgrade":1,"minecraft:diamond_shovel":4,"minecraft:lever":1,"minecraft:bookshelf":13,"minecraft:cooked_mutton":4,"minecraft:iron_bars":16,"minecraft:glass":147,"minecraft:diamond_helmet":1,"minecraft:diamond_leggings":1,"create:mechanical_press":1,"create:cogwheel":17,"minecraft:glass_bottle":33,"create:rose_quartz":8,"minecraft:emerald":749,"minecraft:cooked_porkchop":3,"minecraft:diamond_axe":1,"supplementaries:cage":8,"minecraft:smithing_table":1,"minecraft:copper_ingot":162,"minecraft:fletching_table":5,"minecraft:polished_deepslate_slab":2,"create:mechanical_mixer":1,"create:gearbox":1,"minecraft:lectern":4,"minecraft:stone_slab":2,"vinery:grass_slab":6,"minecraft:iron_pickaxe":9,"minecraft:iron_block":35,"minecraft:gold_ingot":8,"create:large_cogwheel":1,"minecraft:composter":1,"minecraft:stone_shovel":12,"create:wrench":1,"minecraft:iron_nugget":684,"create:white_sail":26,"comforts:sleeping_bag_white":1,"minecraft:bone_meal":864,"minecraft:spruce_fence":18,"minecraft:lantern":28,"minecraft:spruce_stairs":56,"minecraft:ladder":6,"minecraft:spruce_slab":204,"minecraft:stone_pickaxe":4,"minecraft:diamond_boots":1,"minecraft:spruce_boat":1,"create:electron_tube":8,"create:windmill_bearing":1,"minecraft:wheat":405,"minecraft:coal_block":52,"minecraft:enchanting_table":1,"create:dough":2,"create:goggles":1,"sophisticatedbackpacks:gold_backpack":1,"minecraft:enchanted_book":6,"minecraft:oak_fence_gate":2,"alexsmobs:hummingbird_feeder":16,"minecraft:chainmail_boots":12,"minecraft:wooden_axe":1,"minecraft:iron_shovel":3,"minecraft:iron_leggings":1,"minecraft:white_bed":3,"create:shaft":24,"minecraft:grindstone":1,"minecraft:oak_planks":10932,"toolbelt:pouch":1,"minecraft:stone":47,"tombstone:decorative_tombstone":1,"create:mechanical_bearing":1,"create:deployer":4,"minecraft:warped_planks":192,"minecraft:green_dye":27,"minecraft:hopper":8,"minecraft:iron_boots":1,"minecraft:bow":2,"tombstone:grave_key":8,"minecraft:chest":41,"minecraft:stone_hoe":8,"minecraft:oak_fence":102,"create:brass_hand":4,"minecraft:raw_iron_block":27,"minecraft:smoker":2,"farmersdelight:tomato_seeds":105,"minecraft:oak_slab":24,"sophisticatedbackpacks:backpack":1,"minecraft:crafting_table":15,"minecraft:spruce_planks":764,"create:mechanical_saw":4,"minecraft:wooden_pickaxe":2,"minecraft:iron_helmet":1,"create:sand_paper":6,"minecraft:birch_planks":360,"sophisticatedbackpacks:upgrade_base":1,"minecraft:spruce_trapdoor":50,"minecraft:book":16,"minecraft:iron_chestplate":1,"minecraft:paper":66,"minecraft:diamond_pickaxe":5,"create:water_wheel":1,"minecraft:shield":1,"create:super_glue":1,"create:portable_storage_interface":2,"minecraft:stick":21242,"minecraft:iron_ingot":663,"minecraft:stone_sword":1,"minecraft:shears":2,"create:empty_blaze_burner":1,"create:chute":8,"minecraft:cherry_planks":16,"minecraft:cobbled_deepslate_slab":6,"toolbelt:belt":1,"minecraft:raw_iron":117,"minecraft:coal":270,"minecraft:tripwire_hook":2,"minecraft:furnace":5,"minecraft:blast_furnace":1,"minecraft:oak_trapdoor":4,"minecraft:flint_and_steel":1,"minecraft:polished_deepslate":4,"minecraft:iron_axe":7,"minecraft:slime_ball":2,"create:millstone":1,"minecraft:lime_dye":2,"create:basin":1,"sophisticatedbackpacks:iron_backpack":1,"minecraft:cooked_beef":32,"minecraft:sugar":14,"paraglider:paraglider":1,"minecraft:cooked_cod":27,"create:andesite_alloy":220,"create:hand_crank":1,"minecraft:diamond_sword":1,"create:large_water_wheel":1,"minecraft:bucket":2,"minecraft:air":0,"minecraft:oak_boat":3,"minecraft:white_wool":5,"create:whisk":1,"minecraft:white_dye":1,"create:linear_chassis":15,"tombstone:dark_marble":10,"minecraft:anvil":3,"minecraft:torch":164,"create:zinc_ingot":80,"minecraft:diamond_chestplate":1},"minecraft:killed":{"minecraft:skeleton":336,"alexsmobs:straddler":1,"minecraft:zombie":37,"minecraft:glow_squid":1,"minecraft:cow":29,"minecraft:witch":1,"minecraft:spider":10,"artifacts:mimic":1,"minecraft:pig":11,"minecraft:creeper":6,"minecraft:sheep":3,"alexsmobs:tiger":1,"minecraft:wither_skeleton":4},"minecraft:mined":{"minecraft:white_bed":7,"create:andesite_casing":11,"minecraft:cherry_log":206,"minecraft:obsidian":5,"minecraft:granite":3,"vinery:taiga_grape_bush_red":1,"wildberries:raspberry_bush_stage_3":6,"minecraft:oak_pressure_plate":1,"minecraft:spawner":2,"minecraft:tall_seagrass":1,"minecraft:cobbled_deepslate":86,"minecraft:fire":1,"minecraft:pumpkin":14,"minecraft:fletching_table":4,"minecraft:deepslate_lapis_ore":5,"minecraft:enchanting_table":3,"vinery:taiga_grape_bush_white":2,"minecraft:water_cauldron":4,"minecraft:dirt_path":5,"minecraft:oak_stairs":7,"minecraft:small_amethyst_bud":1,"create:mechanical_press":3,"farmersdelight:wild_potatoes":1,"minecraft:tripwire":3,"create:cogwheel":1,"minecraft:brown_mushroom":8,"minecraft:kelp_plant":51,"minecraft:smoker":3,"minecraft:amethyst_cluster":40,"minecraft:powder_snow":91,"minecraft:torch":8,"farmersdelight:cabbages":17,"minecraft:sugar_cane":65,"wildberries:blackberry_bush_stage_3":1,"minecraft:amethyst_block":64,"minecraft:wheat":19,"create:mechanical_mixer":2,"minecraft:lilac":8,"minecraft:grass":256,"create:hand_crank":3,"minecraft:smooth_basalt":105,"minecraft:stonecutter":1,"minecraft:deepslate":1021,"create:zinc_ore":99,"create:millstone":2,"minecraft:mossy_cobblestone":64,"farmersdelight:wild_carrots":3,"minecraft:cobbled_deepslate_slab":1,"minecraft:allium":2,"farmersdelight:wild_cabbages":12,"minecraft:kelp":5,"farmersdelight:wild_onions":18,"minecraft:redstone_ore":7,"create:shaft":1,"minecraft:snow":1,"minecraft:andesite":1494,"minecraft:warped_stem":61,"create:deployer":9,"minecraft:white_wool":1,"minecraft:light_gray_carpet":1,"minecraft:oak_slab":1,"minecraft:cherry_planks":14,"minecraft:soul_sand":1,"minecraft:dandelion":2,"minecraft:tall_grass":41,"minecraft:copper_ore":48,"minecraft:deepslate_gold_ore":20,"minecraft:diorite":6,"minecraft:warped_wart_block":246,"create:mechanical_saw":4,"create:water_wheel_structure":2,"create:blaze_burner":1,"minecraft:white_carpet":1,"minecraft:spruce_log":451,"minecraft:birch_leaves":11,"minecraft:sunflower":21,"minecraft:gravel":101,"minecraft:cobweb":15,"minecraft:gold_ore":16,"minecraft:fern":3,"miners_delight:wild_cave_carrots":2,"minecraft:large_amethyst_bud":6,"create:deepslate_zinc_ore":42,"farmersdelight:rich_soil":2,"minecraft:oak_sapling":1,"minecraft:spruce_trapdoor":2,"minecraft:budding_amethyst":5,"minecraft:grass_block":1377,"moyai:moyai":10,"vinery:apple_log":12,"comforts:sleeping_bag_white":2,"minecraft:raw_iron_block":2,"farmersdelight:wild_rice":4,"minecraft:iron_ore":251,"create:asurine":1,"minecraft:pointed_dripstone":3,"supplementaries:stick":3,"minecraft:spruce_slab":20,"minecraft:deepslate_redstone_ore":22,"minecraft:medium_amethyst_bud":4,"wildberries:blueberry_bush_stage_3":4,"minecraft:calcite":357,"minecraft:poppy":1,"minecraft:chest":7,"supplementaries:wild_flax":3,"farmersdelight:brown_mushroom_colony":2,"minecraft:nether_quartz_ore":51,"minecraft:cobblestone":195,"minecraft:oak_planks":55,"minecraft:wall_torch":1,"create:large_water_wheel":3,"minecraft:pink_petals":137,"minecraft:seagrass":2,"farmersdelight:sandy_shrub":5,"minecraft:warped_planks":5,"minecraft:birch_log":105,"minecraft:oak_log":889,"minecraft:sand":16,"minecraft:dirt":804,"minecraft:tripwire_hook":1,"minecraft:netherrack":31,"minecraft:oak_leaves":29,"minecraft:tuff":106,"farmersdelight:onions":76,"minecraft:deepslate_diamond_ore":18,"minecraft:lever":1,"create:large_cogwheel":1,"minecraft:spruce_leaves":20,"minecraft:sandstone":3,"minecraft:hay_block":62,"minecraft:oak_trapdoor":2,"minecraft:furnace":2,"minecraft:carrots":268,"miners_delight:gossypium":1,"create:white_sail":6,"create:windmill_bearing":1,"minecraft:peony":8,"minecraft:bookshelf":10,"minecraft:deepslate_iron_ore":243,"minecraft:shroomlight":3,"minecraft:stripped_oak_log":2,"minecraft:stone":469,"minecraft:podzol":1,"hauntedharvest:carved_pumpkin":1,"minecraft:snow_block":3,"minecraft:oak_fence":17,"minecraft:crafting_table":17,"mysticaloaktree:wise_oak":2,"minecraft:rose_bush":17,"minecraft:lectern":33,"minecraft:lapis_ore":2,"supplementaries:cage":2,"supplementaries:urn":11,"minecraft:spruce_stairs":4,"farmersdelight:wild_beetroots":2,"minecraft:birch_planks":15,"minecraft:sweet_berry_bush":17,"minecraft:ice":7,"minecraft:yellow_bed":4,"minecraft:coal_ore":526,"paraglider:goddess_statue":1}},"DataVersion":3465}